name,set,colour,rarity,nm
Air Elemental [SGL-MTG-LEA-46-ENN], Alpha, Blue, Uncommon, 79.99
Ancestral Recall [SGL-MTG-LEA-47-ENN], Alpha, Blue, Rare, 14999.99
Animate Artifact [SGL-MTG-LEA-48-ENN], Alpha, Blue, Uncommon, 59.99
Animate Dead [SGL-MTG-LEA-92-ENN], Alpha, Black, Uncommon, 349.99
Animate Wall [SGL-MTG-LEA-1-ENN], Alpha, White, Rare, 299.99
Ankh of Mishra [SGL-MTG-LEA-230-ENN], Alpha, Colorless, Rare, 799.99
Armageddon [SGL-MTG-LEA-2-ENN], Alpha, White, Rare, 1199.99
Aspect of Wolf [SGL-MTG-LEA-184-ENN], Alpha, Green, Rare, 299.99
Bad Moon [SGL-MTG-LEA-93-ENN], Alpha, Black, Rare, 549.99
Badlands [SGL-MTG-LEA-277-ENN], Alpha, Colorless, Rare, 3999.99
Balance [SGL-MTG-LEA-3-ENN], Alpha, White, Rare, 2499.99
Basalt Monolith [SGL-MTG-LEA-231-ENN], Alpha, Colorless, Uncommon, 179.99
Bayou [SGL-MTG-LEA-278-ENN], Alpha, Colorless, Rare, 4499.99
Benalish Hero [SGL-MTG-LEA-4-ENN], Alpha, White, Common, 29.99
Berserk [SGL-MTG-LEA-185-ENN], Alpha, Green, Uncommon, 499.99
Birds of Paradise [SGL-MTG-LEA-186-ENN], Alpha, Green, Rare, 3999.99
Black Knight [SGL-MTG-LEA-94-ENN], Alpha, Black, Uncommon, 399.99
Black Lotus [SGL-MTG-LEA-232-ENN], Alpha, Colorless, Rare, 79999.99
Black Vise [SGL-MTG-LEA-233-ENN], Alpha, Colorless, Uncommon, 399.99
Black Ward [SGL-MTG-LEA-5-ENN], Alpha, White, Uncommon, 39.99
Blaze of Glory [SGL-MTG-LEA-6-ENN], Alpha, White, Rare, 599.99
Blessing [SGL-MTG-LEA-7-ENN], Alpha, White, Rare, 349.99
Blue Elemental Blast [SGL-MTG-LEA-49-ENN], Alpha, Blue, Common, 39.99
Blue Ward [SGL-MTG-LEA-8-ENN], Alpha, White, Uncommon, 19.99
Bog Wraith [SGL-MTG-LEA-95-ENN], Alpha, Black, Uncommon, 89.99
Braingeyser [SGL-MTG-LEA-50-ENN], Alpha, Blue, Rare, 1299.99
Burrowing [SGL-MTG-LEA-138-ENN], Alpha, Red, Uncommon, 59.99
Camouflage [SGL-MTG-LEA-187-ENN], Alpha, Green, Uncommon, 79.99
Castle [SGL-MTG-LEA-9-ENN], Alpha, White, Uncommon, 69.99
Celestial Prism [SGL-MTG-LEA-234-ENN], Alpha, Colorless, Uncommon, 39.99
Channel [SGL-MTG-LEA-188-ENN], Alpha, Green, Uncommon, 199.99
Chaos Orb [SGL-MTG-LEA-235-ENN], Alpha, Colorless, Rare, 5999.99
Chaoslace [SGL-MTG-LEA-139-ENN], Alpha, Red, Rare, 299.99
Circle of Protection: Blue [SGL-MTG-LEA-10-ENN], Alpha, White, Common, 19.99
Circle of Protection: Green [SGL-MTG-LEA-11-ENN], Alpha, White, Common, 24.99
Circle of Protection: Red [SGL-MTG-LEA-12-ENN], Alpha, White, Common, 24.99
Circle of Protection: White [SGL-MTG-LEA-13-ENN], Alpha, White, Common, 14.99
Clockwork Beast [SGL-MTG-LEA-236-ENN], Alpha, Colorless, Rare, 299.99
Clone [SGL-MTG-LEA-51-ENN], Alpha, Blue, Uncommon, 149.99
Cockatrice [SGL-MTG-LEA-189-ENN], Alpha, Green, Rare, 399.99
Consecrate Land [SGL-MTG-LEA-14-ENN], Alpha, White, Uncommon, 69.99
Conservator [SGL-MTG-LEA-237-ENN], Alpha, Colorless, Uncommon, 59.99
Contract from Below [SGL-MTG-LEA-96-ENN], Alpha, Black, Rare, 599.99
Control Magic [SGL-MTG-LEA-52-ENN], Alpha, Blue, Uncommon, 299.99
Conversion [SGL-MTG-LEA-15-ENN], Alpha, White, Uncommon, 59.99
Copper Tablet [SGL-MTG-LEA-238-ENN], Alpha, Colorless, Uncommon, 149.99
Copy Artifact [SGL-MTG-LEA-53-ENN], Alpha, Blue, Rare, 1799.99
Counterspell [SGL-MTG-LEA-54-ENN], Alpha, Blue, Uncommon, 699.99
Craw Wurm [SGL-MTG-LEA-190-ENN], Alpha, Green, Common, 19.99
Creature Bond [SGL-MTG-LEA-55-ENN], Alpha, Blue, Common, 17.99
Crusade [SGL-MTG-LEA-16-ENN], Alpha, White, Rare, 999.99
Crystal Rod [SGL-MTG-LEA-239-ENN], Alpha, Colorless, Uncommon, 49.99
Cursed Land [SGL-MTG-LEA-97-ENN], Alpha, Black, Uncommon, 69.99
Cyclopean Tomb [SGL-MTG-LEA-240-ENN], Alpha, Colorless, Rare, 999.99
Dark Ritual [SGL-MTG-LEA-98-ENN], Alpha, Black, Common, 179.99
Darkpact [SGL-MTG-LEA-99-ENN], Alpha, Black, Rare, 399.99
Death Ward [SGL-MTG-LEA-17-ENN], Alpha, White, Common, 19.99
Deathgrip [SGL-MTG-LEA-100-ENN], Alpha, Black, Uncommon, 59.99
Deathlace [SGL-MTG-LEA-101-ENN], Alpha, Black, Rare, 299.99
Demonic Attorney [SGL-MTG-LEA-102-ENN], Alpha, Black, Rare, 499.99
Demonic Hordes [SGL-MTG-LEA-103-ENN], Alpha, Black, Rare, 999.99
Demonic Tutor [SGL-MTG-LEA-104-ENN-SCAN21], Alpha, Black, Uncommon, 699.99
Demonic Tutor [SGL-MTG-LEA-104-ENN-SCAN22], Alpha, Black, Uncommon, 699.99
Demonic Tutor [SGL-MTG-LEA-104-ENN], Alpha, Black, Uncommon, 999.99
Dingus Egg [SGL-MTG-LEA-241-ENN], Alpha, Colorless, Rare, 399.99
Disenchant [SGL-MTG-LEA-18-ENN], Alpha, White, Common, 99.99
Disintegrate [SGL-MTG-LEA-140-ENN], Alpha, Red, Common, 39.99
Disrupting Scepter [SGL-MTG-LEA-242-ENN-SCAN20], Alpha, Colorless, Rare, 699.99
Disrupting Scepter [SGL-MTG-LEA-242-ENN], Alpha, Colorless, Rare, 999.99
Dragon Whelp [SGL-MTG-LEA-141-ENN], Alpha, Red, Uncommon, 149.99
Drain Life [SGL-MTG-LEA-105-ENN], Alpha, Black, Common, 39.99
Drain Power [SGL-MTG-LEA-56-ENN], Alpha, Blue, Rare, 499.99
Drudge Skeletons [SGL-MTG-LEA-106-ENN], Alpha, Black, Common, 24.99
Dwarven Demolition Team [SGL-MTG-LEA-142-ENN], Alpha, Red, Uncommon, 79.99
Dwarven Warriors [SGL-MTG-LEA-143-ENN], Alpha, Red, Common, 15.99
Earth Elemental [SGL-MTG-LEA-144-ENN], Alpha, Red, Uncommon, 89.99
Earthbind [SGL-MTG-LEA-145-ENN], Alpha, Red, Common, 39.99
Earthquake [SGL-MTG-LEA-146-ENN-SCAN20], Alpha, Red, Rare, 699.99
Earthquake [SGL-MTG-LEA-146-ENN], Alpha, Red, Rare, 999.99
Elvish Archers [SGL-MTG-LEA-191-ENN], Alpha, Green, Rare, 599.99
Evil Presence [SGL-MTG-LEA-107-ENN], Alpha, Black, Uncommon, 69.99
False Orders [SGL-MTG-LEA-147-ENN], Alpha, Red, Common, 24.99
Farmstead [SGL-MTG-LEA-19-ENN], Alpha, White, Rare, 399.99
Fastbond [SGL-MTG-LEA-192-ENN], Alpha, Green, Rare, 799.99
Fear [SGL-MTG-LEA-108-ENN], Alpha, Black, Common, 19.99
Feedback [SGL-MTG-LEA-57-ENN], Alpha, Blue, Uncommon, 49.99
Fire Elemental [SGL-MTG-LEA-148-ENN], Alpha, Red, Uncommon, 99.99
Fireball [SGL-MTG-LEA-149-ENN], Alpha, Red, Common, 79.99
Firebreathing [SGL-MTG-LEA-150-ENN], Alpha, Red, Common, 14.99
Flashfires [SGL-MTG-LEA-151-ENN], Alpha, Red, Uncommon, 59.99
Flight [SGL-MTG-LEA-58-ENN], Alpha, Blue, Common, 14.99
Fog [SGL-MTG-LEA-193-ENN], Alpha, Green, Common, 39.99
Force of Nature [SGL-MTG-LEA-194-ENN], Alpha, Green, Rare, 1099.99
Forcefield [SGL-MTG-LEA-243-ENN], Alpha, Colorless, Rare, 1999.99
Forest [SGL-MTG-LEA-294-ENN], Alpha, Colorless, Basic Land, 34.99
Forest [SGL-MTG-LEA-295-ENN], Alpha, Colorless, Basic Land, 34.99
Fork [SGL-MTG-LEA-152-ENN], Alpha, Red, Rare, 999.99
Frozen Shade [SGL-MTG-LEA-109-ENN], Alpha, Black, Common, 29.99
Fungusaur [SGL-MTG-LEA-195-ENN], Alpha, Green, Rare, 349.99
Gaea's Liege [SGL-MTG-LEA-196-ENN], Alpha, Green, Rare, 499.99
Gauntlet of Might [SGL-MTG-LEA-244-ENN], Alpha, Colorless, Rare, 1799.99
Giant Growth [SGL-MTG-LEA-197-ENN], Alpha, Green, Common, 59.99
Giant Spider [SGL-MTG-LEA-198-ENN], Alpha, Green, Common, 19.99
Glasses of Urza [SGL-MTG-LEA-245-ENN], Alpha, Colorless, Uncommon, 69.99
Gloom [SGL-MTG-LEA-110-ENN], Alpha, Black, Uncommon, 99.99
Goblin Balloon Brigade [SGL-MTG-LEA-153-ENN], Alpha, Red, Uncommon, 129.99
Goblin King [SGL-MTG-LEA-154-ENN], Alpha, Red, Rare, 899.99
Granite Gargoyle [SGL-MTG-LEA-155-ENN], Alpha, Red, Rare, 649.99
Gray Ogre [SGL-MTG-LEA-156-ENN], Alpha, Red, Common, 14.99
Green Ward [SGL-MTG-LEA-20-ENN], Alpha, White, Uncommon, 29.99
Grizzly Bears [SGL-MTG-LEA-199-ENN], Alpha, Green, Common, 29.99
Guardian Angel [SGL-MTG-LEA-21-ENN], Alpha, White, Common, 17.99
Healing Salve [SGL-MTG-LEA-22-ENN], Alpha, White, Common, 19.99
Helm of Chatzuk [SGL-MTG-LEA-246-ENN], Alpha, Colorless, Rare, 299.99
Hill Giant [SGL-MTG-LEA-157-ENN], Alpha, Red, Common, 19.99
Holy Armor [SGL-MTG-LEA-23-ENN], Alpha, White, Common, 14.99
Holy Strength [SGL-MTG-LEA-24-ENN], Alpha, White, Common, 14.99
Howl from Beyond [SGL-MTG-LEA-111-ENN], Alpha, Black, Common, 24.99
Howling Mine [SGL-MTG-LEA-247-ENN], Alpha, Colorless, Rare, 1499.99
Hurloon Minotaur [SGL-MTG-LEA-158-ENN], Alpha, Red, Common, 19.99
Hurricane [SGL-MTG-LEA-200-ENN], Alpha, Green, Uncommon, 99.99
Hypnotic Specter [SGL-MTG-LEA-112-ENN], Alpha, Black, Uncommon, 699.99
Ice Storm [SGL-MTG-LEA-201-ENN], Alpha, Green, Uncommon, 199.99
Icy Manipulator [SGL-MTG-LEA-248-ENN], Alpha, Colorless, Uncommon, 999.99
Illusionary Mask [SGL-MTG-LEA-249-ENN], Alpha, Colorless, Rare, 599.99
Instill Energy [SGL-MTG-LEA-202-ENN], Alpha, Green, Uncommon, 99.99
Invisibility [SGL-MTG-LEA-59-ENN], Alpha, Blue, Common, 14.99
Iron Star [SGL-MTG-LEA-250-ENN], Alpha, Colorless, Uncommon, 59.99
Ironclaw Orcs [SGL-MTG-LEA-159-ENN], Alpha, Red, Common, 19.99
Ironroot Treefolk [SGL-MTG-LEA-203-ENN], Alpha, Green, Common, 14.99
Island [SGL-MTG-LEA-288-ENN], Alpha, Colorless, Basic Land, 39.99
Island [SGL-MTG-LEA-289-ENN], Alpha, Colorless, Basic Land, 39.99
Island Sanctuary [SGL-MTG-LEA-25-ENN], Alpha, White, Rare, 599.99
Ivory Cup [SGL-MTG-LEA-251-ENN], Alpha, Colorless, Uncommon, 69.99
Jade Monolith [SGL-MTG-LEA-252-ENN], Alpha, Colorless, Rare, 349.99
Jade Statue [SGL-MTG-LEA-253-ENN], Alpha, Colorless, Uncommon, 119.99
Jayemdae Tome [SGL-MTG-LEA-254-ENN], Alpha, Colorless, Rare, 2499.99
Juggernaut [SGL-MTG-LEA-255-ENN], Alpha, Colorless, Uncommon, 349.99
Jump [SGL-MTG-LEA-60-ENN], Alpha, Blue, Common, 14.99
Karma [SGL-MTG-LEA-26-ENN], Alpha, White, Uncommon, 99.99
Keldon Warlord [SGL-MTG-LEA-160-ENN], Alpha, Red, Uncommon, 79.99
Kormus Bell [SGL-MTG-LEA-256-ENN], Alpha, Colorless, Rare, 349.99
Kudzu [SGL-MTG-LEA-204-ENN], Alpha, Green, Rare, 299.99
Lance [SGL-MTG-LEA-27-ENN], Alpha, White, Uncommon, 59.99
Ley Druid [SGL-MTG-LEA-205-ENN], Alpha, Green, Uncommon, 79.99
Library of Leng [SGL-MTG-LEA-257-ENN], Alpha, Colorless, Uncommon, 99.99
Lich [SGL-MTG-LEA-113-ENN], Alpha, Black, Rare, 999.99
Lifeforce [SGL-MTG-LEA-206-ENN], Alpha, Green, Uncommon, 79.99
Lifelace [SGL-MTG-LEA-207-ENN], Alpha, Green, Rare, 169.99
Lifetap [SGL-MTG-LEA-61-ENN], Alpha, Blue, Uncommon, 59.99
Lightning Bolt [SGL-MTG-LEA-161-ENN], Alpha, Red, Common, 399.99
Living Artifact [SGL-MTG-LEA-208-ENN], Alpha, Green, Rare, 299.99
Living Lands [SGL-MTG-LEA-209-ENN], Alpha, Green, Rare, 299.99
Living Wall [SGL-MTG-LEA-258-ENN], Alpha, Colorless, Uncommon, 89.99
Llanowar Elves [SGL-MTG-LEA-210-ENN], Alpha, Green, Common, 119.99
Lord of Atlantis [SGL-MTG-LEA-62-ENN3-SCAN30], Alpha, Blue, Rare, 499.99
Lord of Atlantis [SGL-MTG-LEA-62-ENN], Alpha, Blue, Rare, 999.99
Lord of the Pit [SGL-MTG-LEA-114-ENN], Alpha, Black, Rare, 1099.99
Lure [SGL-MTG-LEA-211-ENN], Alpha, Green, Uncommon, 69.99
Magical Hack [SGL-MTG-LEA-63-ENN], Alpha, Blue, Rare, 349.99
Mahamoti Djinn [SGL-MTG-LEA-64-ENN], Alpha, Blue, Rare, 899.99
Mana Flare [SGL-MTG-LEA-162-ENN], Alpha, Red, Rare, 699.99
Mana Short [SGL-MTG-LEA-65-ENN], Alpha, Blue, Rare, 699.99
Mana Vault [SGL-MTG-LEA-259-ENN], Alpha, Colorless, Rare, 1999.99
Manabarbs [SGL-MTG-LEA-163-ENN], Alpha, Red, Rare, 399.99
Meekstone [SGL-MTG-LEA-260-ENN3-SCAN30], Alpha, Colorless, Rare, 449.99
Meekstone [SGL-MTG-LEA-260-ENN], Alpha, Colorless, Rare, 749.99
Merfolk of the Pearl Trident [SGL-MTG-LEA-66-ENN], Alpha, Blue, Common, 24.99
Mesa Pegasus [SGL-MTG-LEA-28-ENN], Alpha, White, Common, 19.99
Mind Twist [SGL-MTG-LEA-115-ENN], Alpha, Black, Rare, 2499.99
Mons's Goblin Raiders [SGL-MTG-LEA-164-ENN], Alpha, Red, Common, 29.99
Mountain [SGL-MTG-LEA-292-ENN], Alpha, Colorless, Basic Land, 34.99
Mountain [SGL-MTG-LEA-293-ENN], Alpha, Colorless, Basic Land, 34.99
Mox Emerald [SGL-MTG-LEA-261-ENN], Alpha, Colorless, Rare, 10999.99
Mox Jet [SGL-MTG-LEA-262-ENN], Alpha, Colorless, Rare, 13999.99
Mox Pearl [SGL-MTG-LEA-263-ENN], Alpha, Colorless, Rare, 10999.99
Mox Ruby [SGL-MTG-LEA-264-ENN], Alpha, Colorless, Rare, 10999.99
Mox Sapphire [SGL-MTG-LEA-265-ENN], Alpha, Colorless, Rare, 17999.99
Natural Selection [SGL-MTG-LEA-212-ENN], Alpha, Green, Rare, 699.99
Nether Shadow [SGL-MTG-LEA-116-ENN], Alpha, Black, Rare, 499.99
Nettling Imp [SGL-MTG-LEA-117-ENN], Alpha, Black, Uncommon, 99.99
Nevinyrral's Disk [SGL-MTG-LEA-266-ENN], Alpha, Colorless, Rare, 1999.99
Nightmare [SGL-MTG-LEA-118-ENN], Alpha, Black, Rare, 799.99
Northern Paladin [SGL-MTG-LEA-29-ENN], Alpha, White, Rare, 499.99
Obsianus Golem [SGL-MTG-LEA-267-ENN], Alpha, Colorless, Uncommon, 99.99
Orcish Artillery [SGL-MTG-LEA-165-ENN], Alpha, Red, Uncommon, 149.99
Orcish Oriflamme [SGL-MTG-LEA-166-ENN], Alpha, Red, Uncommon, 149.99
Paralyze [SGL-MTG-LEA-119-ENN], Alpha, Black, Common, 29.99
Pearled Unicorn [SGL-MTG-LEA-30-ENN], Alpha, White, Common, 24.99
Personal Incarnation [SGL-MTG-LEA-31-ENN], Alpha, White, Rare, 399.99
Pestilence [SGL-MTG-LEA-120-ENN], Alpha, Black, Common, 39.99
Phantasmal Forces [SGL-MTG-LEA-67-ENN], Alpha, Blue, Uncommon, 99.99
Phantasmal Terrain [SGL-MTG-LEA-68-ENN], Alpha, Blue, Common, 19.99
Phantom Monster [SGL-MTG-LEA-69-ENN], Alpha, Blue, Uncommon, 59.99
Pirate Ship [SGL-MTG-LEA-70-ENN], Alpha, Blue, Rare, 199.99
Plague Rats [SGL-MTG-LEA-121-ENN], Alpha, Black, Common, 39.99
Plains [SGL-MTG-LEA-286-ENN], Alpha, Colorless, Basic Land, 29.99
Plains [SGL-MTG-LEA-287-ENN], Alpha, Colorless, Basic Land, 29.99
Plateau [SGL-MTG-LEA-279-ENN], Alpha, Colorless, Rare, 2699.99
Power Leak [SGL-MTG-LEA-71-ENN], Alpha, Blue, Common, 14.99
Power Sink [SGL-MTG-LEA-72-ENN], Alpha, Blue, Common, 49.99
Power Surge [SGL-MTG-LEA-167-ENN], Alpha, Red, Rare, 249.99
Prodigal Sorcerer [SGL-MTG-LEA-73-ENN], Alpha, Blue, Common, 39.99
Psionic Blast [SGL-MTG-LEA-74-ENN], Alpha, Blue, Uncommon, 249.99
Psychic Venom [SGL-MTG-LEA-75-ENN], Alpha, Blue, Common, 29.99
Purelace [SGL-MTG-LEA-32-ENN], Alpha, White, Rare, 249.99
Raging River [SGL-MTG-LEA-168-ENN], Alpha, Red, Rare, 799.99
Raise Dead [SGL-MTG-LEA-122-ENN], Alpha, Black, Common, 24.99
Red Elemental Blast [SGL-MTG-LEA-169-ENN], Alpha, Red, Common, 59.99
Red Ward [SGL-MTG-LEA-33-ENN], Alpha, White, Uncommon, 29.99
Regeneration [SGL-MTG-LEA-213-ENN], Alpha, Green, Common, 19.99
Regrowth [SGL-MTG-LEA-214-ENN], Alpha, Green, Uncommon, 199.99
Resurrection [SGL-MTG-LEA-34-ENN], Alpha, White, Uncommon, 69.99
Reverse Damage [SGL-MTG-LEA-35-ENN], Alpha, White, Rare, 299.99
Righteousness [SGL-MTG-LEA-36-ENN], Alpha, White, Rare, 349.99
Roc of Kher Ridges [SGL-MTG-LEA-170-ENN], Alpha, Red, Rare, 399.99
Rock Hydra [SGL-MTG-LEA-171-ENN], Alpha, Red, Rare, 449.99
Rod of Ruin [SGL-MTG-LEA-268-ENN], Alpha, Colorless, Uncommon, 49.99
Royal Assassin [SGL-MTG-LEA-123-ENN], Alpha, Black, Rare, 1799.99
Sacrifice [SGL-MTG-LEA-124-ENN], Alpha, Black, Uncommon, 79.99
Samite Healer [SGL-MTG-LEA-37-ENN], Alpha, White, Common, 19.99
Savannah [SGL-MTG-LEA-280-ENN], Alpha, Colorless, Rare, 3999.99
Savannah Lions [SGL-MTG-LEA-38-ENN], Alpha, White, Rare, 2999.99
Scathe Zombies [SGL-MTG-LEA-125-ENN], Alpha, Black, Common, 19.99
Scavenging Ghoul [SGL-MTG-LEA-126-ENN], Alpha, Black, Uncommon, 49.99
Scrubland [SGL-MTG-LEA-281-ENN], Alpha, Colorless, Rare, 3999.99
Scryb Sprites [SGL-MTG-LEA-215-ENN], Alpha, Green, Common, 39.99
Sea Serpent [SGL-MTG-LEA-76-ENN], Alpha, Blue, Common, 14.99
Sedge Troll [SGL-MTG-LEA-172-ENN3-SCAN30], Alpha, Red, Rare, 799.99
Sedge Troll [SGL-MTG-LEA-172-ENN], Alpha, Red, Rare, 1499.99
Sengir Vampire [SGL-MTG-LEA-127-ENN], Alpha, Black, Uncommon, 399.99
Serra Angel [SGL-MTG-LEA-39-ENN-SCAN24], Alpha, White, Uncommon, 499.99
Serra Angel [SGL-MTG-LEA-39-ENN-SCAN30], Alpha, White, Uncommon, 349.99
Serra Angel [SGL-MTG-LEA-39-ENN-SCAN31], Alpha, White, Uncommon, 349.99
Serra Angel [SGL-MTG-LEA-39-ENN-SCAN32], Alpha, White, Uncommon, 399.99
Serra Angel [SGL-MTG-LEA-39-ENN-SCAN33], Alpha, White, Uncommon, 349.99
Serra Angel [SGL-MTG-LEA-39-ENN], Alpha, White, Uncommon, 799.99
Shanodin Dryads [SGL-MTG-LEA-216-ENN], Alpha, Green, Common, 19.99
Shatter [SGL-MTG-LEA-173-ENN], Alpha, Red, Common, 49.99
Shivan Dragon [SGL-MTG-LEA-174-ENN], Alpha, Red, Rare, 5999.99
Simulacrum [SGL-MTG-LEA-128-ENN], Alpha, Black, Uncommon, 49.99
Sinkhole [SGL-MTG-LEA-129-ENN], Alpha, Black, Common, 99.99
Siren's Call [SGL-MTG-LEA-77-ENN], Alpha, Blue, Uncommon, 49.99
Sleight of Mind [SGL-MTG-LEA-78-ENN], Alpha, Blue, Rare, 399.99
Smoke [SGL-MTG-LEA-175-ENN], Alpha, Red, Rare, 349.99
Sol Ring [SGL-MTG-LEA-269-ENN], Alpha, Colorless, Uncommon, 1799.99
Soul Net [SGL-MTG-LEA-270-ENN], Alpha, Colorless, Uncommon, 59.99
Spell Blast [SGL-MTG-LEA-79-ENN], Alpha, Blue, Common, 29.99
Stasis [SGL-MTG-LEA-80-ENN], Alpha, Blue, Rare, 1299.99
Steal Artifact [SGL-MTG-LEA-81-ENN], Alpha, Blue, Uncommon, 79.99
Stone Giant [SGL-MTG-LEA-176-ENN], Alpha, Red, Uncommon, 69.99
Stone Rain [SGL-MTG-LEA-177-ENN], Alpha, Red, Common, 49.99
Stream of Life [SGL-MTG-LEA-217-ENN], Alpha, Green, Common, 19.99
Sunglasses of Urza [SGL-MTG-LEA-271-ENN], Alpha, Colorless, Rare, 349.99
Swamp [SGL-MTG-LEA-290-ENN], Alpha, Colorless, Basic Land, 34.99
Swamp [SGL-MTG-LEA-291-ENN], Alpha, Colorless, Basic Land, 34.99
Swords to Plowshares [SGL-MTG-LEA-40-ENN], Alpha, White, Uncommon, 999.99
Taiga [SGL-MTG-LEA-282-ENN], Alpha, Colorless, Rare, 3399.99
Terror [SGL-MTG-LEA-130-ENN], Alpha, Black, Common, 79.99
The Hive [SGL-MTG-LEA-272-ENN], Alpha, Colorless, Rare, 749.99
Thicket Basilisk [SGL-MTG-LEA-218-ENN], Alpha, Green, Uncommon, 89.99
Thoughtlace [SGL-MTG-LEA-82-ENN], Alpha, Blue, Rare, 249.99
Throne of Bone [SGL-MTG-LEA-273-ENN], Alpha, Colorless, Uncommon, 69.99
Timber Wolves [SGL-MTG-LEA-219-ENN], Alpha, Green, Rare, 299.99
Time Vault [SGL-MTG-LEA-274-ENN], Alpha, Colorless, Rare, 4999.99
Time Walk [SGL-MTG-LEA-83-ENN], Alpha, Blue, Rare, 14999.99
Timetwister [SGL-MTG-LEA-84-ENN], Alpha, Blue, Rare, 9999.99
Tranquility [SGL-MTG-LEA-220-ENN], Alpha, Green, Common, 19.99
Tropical Island [SGL-MTG-LEA-283-ENN], Alpha, Colorless, Rare, 5999.99
Tsunami [SGL-MTG-LEA-221-ENN], Alpha, Green, Uncommon, 79.99
Tundra [SGL-MTG-LEA-284-ENN], Alpha, Colorless, Rare, 6999.99
Tunnel [SGL-MTG-LEA-178-ENN], Alpha, Red, Uncommon, 49.99
Twiddle [SGL-MTG-LEA-85-ENN], Alpha, Blue, Common, 44.99
Two-Headed Giant of Foriys [SGL-MTG-LEA-179-ENN], Alpha, Red, Rare, 499.99
Underground Sea [SGL-MTG-LEA-285-ENN], Alpha, Colorless, Rare, 9999.99
Unholy Strength [SGL-MTG-LEA-131-ENN], Alpha, Black, Common, 29.99
Unsummon [SGL-MTG-LEA-86-ENN], Alpha, Blue, Common, 29.99
Uthden Troll [SGL-MTG-LEA-180-ENN], Alpha, Red, Uncommon, 79.99
Verduran Enchantress [SGL-MTG-LEA-222-ENN], Alpha, Green, Rare, 399.99
Vesuvan Doppelganger [SGL-MTG-LEA-87-ENN], Alpha, Blue, Rare, 1799.99
Veteran Bodyguard [SGL-MTG-LEA-41-ENN], Alpha, White, Rare, 399.99
Volcanic Eruption [SGL-MTG-LEA-88-ENN], Alpha, Blue, Rare, 299.99
Wall of Air [SGL-MTG-LEA-89-ENN], Alpha, Blue, Uncommon, 49.99
Wall of Bone [SGL-MTG-LEA-132-ENN], Alpha, Black, Uncommon, 49.99
Wall of Brambles [SGL-MTG-LEA-223-ENN], Alpha, Green, Uncommon, 49.99
Wall of Fire [SGL-MTG-LEA-181-ENN], Alpha, Red, Uncommon, 49.99
Wall of Ice [SGL-MTG-LEA-224-ENN], Alpha, Green, Uncommon, 49.99
Wall of Stone [SGL-MTG-LEA-182-ENN], Alpha, Red, Uncommon, 59.99
Wall of Swords [SGL-MTG-LEA-42-ENN], Alpha, White, Uncommon, 69.99
Wall of Water [SGL-MTG-LEA-90-ENN], Alpha, Blue, Uncommon, 49.99
Wall of Wood [SGL-MTG-LEA-225-ENN], Alpha, Green, Common, 14.99
Wanderlust [SGL-MTG-LEA-226-ENN], Alpha, Green, Uncommon, 59.99
War Mammoth [SGL-MTG-LEA-227-ENN], Alpha, Green, Common, 19.99
Warp Artifact [SGL-MTG-LEA-133-ENN], Alpha, Black, Rare, 249.99
Water Elemental [SGL-MTG-LEA-91-ENN], Alpha, Blue, Uncommon, 59.99
Weakness [SGL-MTG-LEA-134-ENN], Alpha, Black, Common, 19.99
Web [SGL-MTG-LEA-228-ENN], Alpha, Green, Rare, 249.99
Wheel of Fortune [SGL-MTG-LEA-183-ENN], Alpha, Red, Rare, 3999.99
White Knight [SGL-MTG-LEA-43-ENN], Alpha, White, Uncommon, 299.99
White Ward [SGL-MTG-LEA-44-ENN], Alpha, White, Uncommon, 29.99
Wild Growth [SGL-MTG-LEA-229-ENN], Alpha, Green, Common, 34.99
Will-O'-The-Wisp [SGL-MTG-LEA-135-ENN], Alpha, Black, Rare, 799.99
Winter Orb [SGL-MTG-LEA-275-ENN], Alpha, Colorless, Rare, 1499.99
Wooden Sphere [SGL-MTG-LEA-276-ENN], Alpha, Colorless, Uncommon, 59.99
Word of Command [SGL-MTG-LEA-136-ENN-SCAN30], Alpha, Black, Rare, 599.99
Word of Command [SGL-MTG-LEA-136-ENN], Alpha, Black, Rare, 999.99
Wrath of God [SGL-MTG-LEA-45-ENN], Alpha, White, Rare, 1799.99
Zombie Master [SGL-MTG-LEA-137-ENN], Alpha, Black, Rare, 499.99
Air Elemental [SGL-MTG-LEB-47-ENN], Beta, Blue, Uncommon, 19.99
Ancestral Recall [SGL-MTG-LEB-48-ENN], Beta, Blue, Rare, 9999.99
Animate Artifact [SGL-MTG-LEB-49-ENN], Beta, Blue, Uncommon, 11.99
Animate Dead [SGL-MTG-LEB-93-ENN], Beta, Black, Uncommon, 149.99
Animate Wall [SGL-MTG-LEB-1-ENN], Beta, White, Rare, 99.99
Ankh of Mishra [SGL-MTG-LEB-231-ENN], Beta, Colorless, Rare, 499.99
Armageddon [SGL-MTG-LEB-2-ENN], Beta, White, Rare, 799.99
Aspect of Wolf [SGL-MTG-LEB-185-ENN], Beta, Green, Rare, 119.99
Bad Moon [SGL-MTG-LEB-94-ENN], Beta, Black, Rare, 399.99
Badlands [SGL-MTG-LEB-278-ENN-SCAN10], Beta, Colorless, Rare, 1999.99
Badlands [SGL-MTG-LEB-278-ENN], Beta, Colorless, Rare, 1999.99
Balance [SGL-MTG-LEB-3-ENN], Beta, White, Rare, 799.99
Basalt Monolith [SGL-MTG-LEB-232-ENN], Beta, Colorless, Uncommon, 99.99
Bayou [SGL-MTG-LEB-279-ENN], Beta, Colorless, Rare, 2999.99
Benalish Hero [SGL-MTG-LEB-4-ENN], Beta, White, Common, 4.99
Berserk [SGL-MTG-LEB-186-ENN], Beta, Green, Uncommon, 229.99
Birds of Paradise [SGL-MTG-LEB-187-ENN], Beta, Green, Rare, 1799.99
Black Knight [SGL-MTG-LEB-95-ENN], Beta, Black, Uncommon, 149.99
Black Lotus [SGL-MTG-LEB-233-ENN], Beta, Colorless, Rare, 39999.99
Black Vise [SGL-MTG-LEB-234-ENN], Beta, Colorless, Uncommon, 149.99
Black Ward [SGL-MTG-LEB-5-ENN], Beta, White, Uncommon, 7.99
Blaze of Glory [SGL-MTG-LEB-6-ENN], Beta, White, Rare, 199.99
Blessing [SGL-MTG-LEB-7-ENN], Beta, White, Rare, 99.99
Blue Elemental Blast [SGL-MTG-LEB-50-ENN], Beta, Blue, Common, 14.99
Blue Ward [SGL-MTG-LEB-8-ENN], Beta, White, Uncommon, 9.99
Bog Wraith [SGL-MTG-LEB-96-ENN], Beta, Black, Uncommon, 14.99
Braingeyser [SGL-MTG-LEB-51-ENN], Beta, Blue, Rare, 799.99
Burrowing [SGL-MTG-LEB-139-ENN], Beta, Red, Uncommon, 9.99
Camouflage [SGL-MTG-LEB-188-ENN], Beta, Green, Uncommon, 19.99
Castle [SGL-MTG-LEB-9-ENN], Beta, White, Uncommon, 9.99
Celestial Prism [SGL-MTG-LEB-235-ENN], Beta, Colorless, Uncommon, 9.99
Channel [SGL-MTG-LEB-189-ENN], Beta, Green, Uncommon, 39.99
Chaos Orb [SGL-MTG-LEB-236-ENN-SCAN20], Beta, Colorless, Rare, 2199.99
Chaos Orb [SGL-MTG-LEB-236-ENN], Beta, Colorless, Rare, 3199.99
Chaoslace [SGL-MTG-LEB-140-ENN], Beta, Red, Rare, 79.99
Circle of Protection: Black [SGL-MTG-LEB-10-ENN], Beta, White, Common, 7.99
Circle of Protection: Blue [SGL-MTG-LEB-11-ENN], Beta, White, Common, 3.99
Circle of Protection: Green [SGL-MTG-LEB-12-ENN], Beta, White, Common, 3.99
Circle of Protection: Red [SGL-MTG-LEB-13-ENN], Beta, White, Common, 11.99
Circle of Protection: White [SGL-MTG-LEB-14-ENN], Beta, White, Common, 3.99
Clockwork Beast [SGL-MTG-LEB-237-ENN], Beta, Colorless, Rare, 169.99
Clone [SGL-MTG-LEB-52-ENN], Beta, Blue, Uncommon, 49.99
Cockatrice [SGL-MTG-LEB-190-ENN], Beta, Green, Rare, 199.99
Consecrate Land [SGL-MTG-LEB-15-ENN], Beta, White, Uncommon, 9.99
Conservator [SGL-MTG-LEB-238-ENN], Beta, Colorless, Uncommon, 9.99
Contract from Below [SGL-MTG-LEB-97-ENN], Beta, Black, Rare, 199.99
Control Magic [SGL-MTG-LEB-53-ENN], Beta, Blue, Uncommon, 99.99
Conversion [SGL-MTG-LEB-16-ENN], Beta, White, Uncommon, 11.99
Copper Tablet [SGL-MTG-LEB-239-ENN], Beta, Colorless, Uncommon, 59.99
Copy Artifact [SGL-MTG-LEB-54-ENN-SCAN10], Beta, Blue, Rare, 899.99
Copy Artifact [SGL-MTG-LEB-54-ENN], Beta, Blue, Rare, 899.99
Counterspell [SGL-MTG-LEB-55-ENN], Beta, Blue, Uncommon, 499.99
Craw Wurm [SGL-MTG-LEB-191-ENN], Beta, Green, Common, 5.99
Creature Bond [SGL-MTG-LEB-56-ENN], Beta, Blue, Common, 3.99
Crusade [SGL-MTG-LEB-17-ENN], Beta, White, Rare, 399.99
Crystal Rod [SGL-MTG-LEB-240-ENN], Beta, Colorless, Uncommon, 9.99
Cursed Land [SGL-MTG-LEB-98-ENN], Beta, Black, Uncommon, 12.99
Cyclopean Tomb [SGL-MTG-LEB-241-ENN], Beta, Colorless, Rare, 279.99
Dark Ritual [SGL-MTG-LEB-99-ENN], Beta, Black, Common, 99.99
Darkpact [SGL-MTG-LEB-100-ENN], Beta, Black, Rare, 149.99
Death Ward [SGL-MTG-LEB-18-ENN], Beta, White, Common, 3.99
Deathgrip [SGL-MTG-LEB-101-ENN], Beta, Black, Uncommon, 14.99
Deathlace [SGL-MTG-LEB-102-ENN], Beta, Black, Rare, 99.99
Demonic Attorney [SGL-MTG-LEB-103-ENN], Beta, Black, Rare, 149.99
Demonic Hordes [SGL-MTG-LEB-104-ENN], Beta, Black, Rare, 299.99
Demonic Tutor [SGL-MTG-LEB-105-ENN], Beta, Black, Uncommon, 399.99
Dingus Egg [SGL-MTG-LEB-242-ENN], Beta, Colorless, Rare, 129.99
Disenchant [SGL-MTG-LEB-19-ENN], Beta, White, Common, 49.99
Disintegrate [SGL-MTG-LEB-141-ENN], Beta, Red, Common, 8.99
Disrupting Scepter [SGL-MTG-LEB-243-ENN], Beta, Colorless, Rare, 399.99
Dragon Whelp [SGL-MTG-LEB-142-ENN], Beta, Red, Uncommon, 59.99
Drain Life [SGL-MTG-LEB-106-ENN], Beta, Black, Common, 9.99
Drain Power [SGL-MTG-LEB-57-ENN], Beta, Blue, Rare, 99.99
Drudge Skeletons [SGL-MTG-LEB-107-ENN], Beta, Black, Common, 4.99
Dwarven Demolition Team [SGL-MTG-LEB-143-ENN], Beta, Red, Uncommon, 14.99
Dwarven Warriors [SGL-MTG-LEB-144-ENN], Beta, Red, Common, 3.99
Earth Elemental [SGL-MTG-LEB-145-ENN], Beta, Red, Uncommon, 14.99
Earthbind [SGL-MTG-LEB-146-ENN], Beta, Red, Common, 9.99
Earthquake [SGL-MTG-LEB-147-ENN], Beta, Red, Rare, 499.99
Elvish Archers [SGL-MTG-LEB-192-ENN], Beta, Green, Rare, 349.99
Evil Presence [SGL-MTG-LEB-108-ENN], Beta, Black, Uncommon, 14.99
False Orders [SGL-MTG-LEB-148-ENN], Beta, Red, Common, 4.99
Farmstead [SGL-MTG-LEB-20-ENN], Beta, White, Rare, 129.99
Fastbond [SGL-MTG-LEB-193-ENN], Beta, Green, Rare, 599.99
Fear [SGL-MTG-LEB-109-ENN], Beta, Black, Common, 2.99
Feedback [SGL-MTG-LEB-58-ENN], Beta, Blue, Uncommon, 9.99
Fire Elemental [SGL-MTG-LEB-149-ENN], Beta, Red, Uncommon, 19.99
Fireball [SGL-MTG-LEB-150-ENN], Beta, Red, Common, 24.99
Firebreathing [SGL-MTG-LEB-151-ENN], Beta, Red, Common, 4.99
Flashfires [SGL-MTG-LEB-152-ENN], Beta, Red, Uncommon, 14.99
Flight [SGL-MTG-LEB-59-ENN], Beta, Blue, Common, 2.99
Fog [SGL-MTG-LEB-194-ENN], Beta, Green, Common, 9.99
Force of Nature [SGL-MTG-LEB-195-ENN], Beta, Green, Rare, 399.99
Forcefield [SGL-MTG-LEB-244-ENN], Beta, Colorless, Rare, 999.99
Forest [SGL-MTG-LEB-300-ENN], Beta, Colorless, Basic Land, 14.99
Forest [SGL-MTG-LEB-301-ENN], Beta, Colorless, Basic Land, 14.99
Forest [SGL-MTG-LEB-302-ENN], Beta, Colorless, Basic Land, 14.99
Fork [SGL-MTG-LEB-153-ENN], Beta, Red, Rare, 599.99
Frozen Shade [SGL-MTG-LEB-110-ENN], Beta, Black, Common, 4.99
Fungusaur [SGL-MTG-LEB-196-ENN], Beta, Green, Rare, 119.99
Gaea's Liege [SGL-MTG-LEB-197-ENN], Beta, Green, Rare, 149.99
Gauntlet of Might [SGL-MTG-LEB-245-ENN-SCAN20], Beta, Colorless, Rare, 699.99
Gauntlet of Might [SGL-MTG-LEB-245-ENN], Beta, Colorless, Rare, 999.99
Giant Growth [SGL-MTG-LEB-198-ENN], Beta, Green, Common, 19.99
Giant Spider [SGL-MTG-LEB-199-ENN], Beta, Green, Common, 4.99
Glasses of Urza [SGL-MTG-LEB-246-ENN], Beta, Colorless, Uncommon, 24.99
Gloom [SGL-MTG-LEB-111-ENN], Beta, Black, Uncommon, 59.99
Goblin Balloon Brigade [SGL-MTG-LEB-154-ENN], Beta, Red, Uncommon, 39.99
Goblin King [SGL-MTG-LEB-155-ENN], Beta, Red, Rare, 299.99
Granite Gargoyle [SGL-MTG-LEB-156-ENN], Beta, Red, Rare, 249.99
Gray Ogre [SGL-MTG-LEB-157-ENN], Beta, Red, Common, 2.99
Green Ward [SGL-MTG-LEB-21-ENN], Beta, White, Uncommon, 9.99
Grizzly Bears [SGL-MTG-LEB-200-ENN], Beta, Green, Common, 9.99
Guardian Angel [SGL-MTG-LEB-22-ENN], Beta, White, Common, 3.99
Healing Salve [SGL-MTG-LEB-23-ENN], Beta, White, Common, 4.99
Helm of Chatzuk [SGL-MTG-LEB-247-ENN], Beta, Colorless, Rare, 99.99
Hill Giant [SGL-MTG-LEB-158-ENN], Beta, Red, Common, 3.99
Holy Armor [SGL-MTG-LEB-24-ENN], Beta, White, Common, 3.99
Holy Strength [SGL-MTG-LEB-25-ENN], Beta, White, Common, 3.99
Howl from Beyond [SGL-MTG-LEB-112-ENN], Beta, Black, Common, 4.99
Howling Mine [SGL-MTG-LEB-248-ENN], Beta, Colorless, Rare, 699.99
Hurloon Minotaur [SGL-MTG-LEB-159-ENN], Beta, Red, Common, 3.99
Hurricane [SGL-MTG-LEB-201-ENN], Beta, Green, Uncommon, 34.99
Hypnotic Specter [SGL-MTG-LEB-113-ENN], Beta, Black, Uncommon, 299.99
Ice Storm [SGL-MTG-LEB-202-ENN], Beta, Green, Uncommon, 99.99
Icy Manipulator [SGL-MTG-LEB-249-ENN], Beta, Colorless, Uncommon, 249.99
Illusionary Mask [SGL-MTG-LEB-250-ENN], Beta, Colorless, Rare, 399.99
Instill Energy [SGL-MTG-LEB-203-ENN], Beta, Green, Uncommon, 29.99
Invisibility [SGL-MTG-LEB-60-ENN], Beta, Blue, Common, 3.99
Iron Star [SGL-MTG-LEB-251-ENN], Beta, Colorless, Uncommon, 9.99
Ironclaw Orcs [SGL-MTG-LEB-160-ENN], Beta, Red, Common, 3.99
Ironroot Treefolk [SGL-MTG-LEB-204-ENN], Beta, Green, Common, 3.99
Island [SGL-MTG-LEB-291-ENN], Beta, Colorless, Basic Land, 29.99
Island [SGL-MTG-LEB-292-ENN], Beta, Colorless, Basic Land, 24.99
Island [SGL-MTG-LEB-293-ENN], Beta, Colorless, Basic Land, 29.99
Island Sanctuary [SGL-MTG-LEB-26-ENN], Beta, White, Rare, 149.99
Ivory Cup [SGL-MTG-LEB-252-ENN], Beta, Colorless, Uncommon, 9.99
Jade Monolith [SGL-MTG-LEB-253-ENN], Beta, Colorless, Rare, 99.99
Jade Statue [SGL-MTG-LEB-254-ENN], Beta, Colorless, Uncommon, 39.99
Jayemdae Tome [SGL-MTG-LEB-255-ENN], Beta, Colorless, Rare, 799.99
Juggernaut [SGL-MTG-LEB-256-ENN], Beta, Colorless, Uncommon, 99.99
Jump [SGL-MTG-LEB-61-ENN], Beta, Blue, Common, 3.99
Karma [SGL-MTG-LEB-27-ENN], Beta, White, Uncommon, 29.99
Keldon Warlord [SGL-MTG-LEB-161-ENN], Beta, Red, Uncommon, 24.99
Kormus Bell [SGL-MTG-LEB-257-ENN], Beta, Colorless, Rare, 99.99
Kudzu [SGL-MTG-LEB-205-ENN], Beta, Green, Rare, 149.99
Lance [SGL-MTG-LEB-28-ENN], Beta, White, Uncommon, 9.99
Ley Druid [SGL-MTG-LEB-206-ENN], Beta, Green, Uncommon, 12.99
Library of Leng [SGL-MTG-LEB-258-ENN], Beta, Colorless, Uncommon, 39.99
Lich [SGL-MTG-LEB-114-ENN], Beta, Black, Rare, 399.99
Lifeforce [SGL-MTG-LEB-207-ENN], Beta, Green, Uncommon, 19.99
Lifelace [SGL-MTG-LEB-208-ENN], Beta, Green, Rare, 69.99
Lifetap [SGL-MTG-LEB-62-ENN], Beta, Blue, Uncommon, 9.99
Lightning Bolt [SGL-MTG-LEB-162-ENN], Beta, Red, Common, 249.99
Living Artifact [SGL-MTG-LEB-209-ENN], Beta, Green, Rare, 99.99
Living Lands [SGL-MTG-LEB-210-ENN], Beta, Green, Rare, 99.99
Living Wall [SGL-MTG-LEB-259-ENN], Beta, Colorless, Uncommon, 29.99
Llanowar Elves [SGL-MTG-LEB-211-ENN], Beta, Green, Common, 49.99
Lord of Atlantis [SGL-MTG-LEB-63-ENN], Beta, Blue, Rare, 349.99
Lord of the Pit [SGL-MTG-LEB-115-ENN], Beta, Black, Rare, 399.99
Lure [SGL-MTG-LEB-212-ENN], Beta, Green, Uncommon, 19.99
Magical Hack [SGL-MTG-LEB-64-ENN], Beta, Blue, Rare, 99.99
Mahamoti Djinn [SGL-MTG-LEB-65-ENN], Beta, Blue, Rare, 399.99
Mana Flare [SGL-MTG-LEB-163-ENN], Beta, Red, Rare, 299.99
Mana Short [SGL-MTG-LEB-66-ENN], Beta, Blue, Rare, 249.99
Mana Vault [SGL-MTG-LEB-260-ENN], Beta, Colorless, Rare, 1499.99
Manabarbs [SGL-MTG-LEB-164-ENN], Beta, Red, Rare, 149.99
Meekstone [SGL-MTG-LEB-261-ENN], Beta, Colorless, Rare, 349.99
Merfolk of the Pearl Trident [SGL-MTG-LEB-67-ENN], Beta, Blue, Common, 4.99
Mesa Pegasus [SGL-MTG-LEB-29-ENN], Beta, White, Common, 4.99
Mind Twist [SGL-MTG-LEB-116-ENN], Beta, Black, Rare, 1399.99
Mons's Goblin Raiders [SGL-MTG-LEB-165-ENN], Beta, Red, Common, 4.99
Mountain [SGL-MTG-LEB-297-ENN], Beta, Colorless, Basic Land, 14.99
Mountain [SGL-MTG-LEB-298-ENN], Beta, Colorless, Basic Land, 14.99
Mountain [SGL-MTG-LEB-299-ENN], Beta, Colorless, Basic Land, 19.99
Mox Emerald [SGL-MTG-LEB-262-ENN], Beta, Colorless, Rare, 6999.99
Mox Jet [SGL-MTG-LEB-263-ENN], Beta, Colorless, Rare, 9999.99
Mox Pearl [SGL-MTG-LEB-264-ENN], Beta, Colorless, Rare, 7999.99
Mox Ruby [SGL-MTG-LEB-265-ENN-SCAN11], Beta, Colorless, Rare, 7999.99
Mox Ruby [SGL-MTG-LEB-265-ENN], Beta, Colorless, Rare, 7999.99
Mox Sapphire [SGL-MTG-LEB-266-ENN], Beta, Colorless, Rare, 11999.99
Natural Selection [SGL-MTG-LEB-213-ENN], Beta, Green, Rare, 249.99
Nether Shadow [SGL-MTG-LEB-117-ENN], Beta, Black, Rare, 149.99
Nettling Imp [SGL-MTG-LEB-118-ENN], Beta, Black, Uncommon, 29.99
Nevinyrral's Disk [SGL-MTG-LEB-267-ENN3-SCAN30], Beta, Colorless, Rare, 499.99
Nevinyrral's Disk [SGL-MTG-LEB-267-ENN], Beta, Colorless, Rare, 1199.99
Nightmare [SGL-MTG-LEB-119-ENN], Beta, Black, Rare, 299.99
Northern Paladin [SGL-MTG-LEB-30-ENN], Beta, White, Rare, 199.99
Obsianus Golem [SGL-MTG-LEB-268-ENN], Beta, Colorless, Uncommon, 9.99
Orcish Artillery [SGL-MTG-LEB-166-ENN], Beta, Red, Uncommon, 19.99
Orcish Oriflamme [SGL-MTG-LEB-167-ENN], Beta, Red, Uncommon, 19.99
Paralyze [SGL-MTG-LEB-120-ENN], Beta, Black, Common, 9.99
Pearled Unicorn [SGL-MTG-LEB-31-ENN], Beta, White, Common, 3.99
Personal Incarnation [SGL-MTG-LEB-32-ENN], Beta, White, Rare, 149.99
Pestilence [SGL-MTG-LEB-121-ENN], Beta, Black, Common, 14.99
Phantasmal Forces [SGL-MTG-LEB-68-ENN], Beta, Blue, Uncommon, 17.99
Phantasmal Terrain [SGL-MTG-LEB-69-ENN], Beta, Blue, Common, 4.99
Phantom Monster [SGL-MTG-LEB-70-ENN], Beta, Blue, Uncommon, 14.99
Pirate Ship [SGL-MTG-LEB-71-ENN], Beta, Blue, Rare, 99.99
Plague Rats [SGL-MTG-LEB-122-ENN], Beta, Black, Common, 4.99
Plains [SGL-MTG-LEB-288-ENN], Beta, Colorless, Basic Land, 12.99
Plains [SGL-MTG-LEB-289-ENN], Beta, Colorless, Basic Land, 12.99
Plains [SGL-MTG-LEB-290-ENN], Beta, Colorless, Basic Land, 14.99
Plateau [SGL-MTG-LEB-280-ENN], Beta, Colorless, Rare, 1999.99
Power Leak [SGL-MTG-LEB-72-ENN], Beta, Blue, Common, 3.99
Power Sink [SGL-MTG-LEB-73-ENN], Beta, Blue, Common, 14.99
Power Surge [SGL-MTG-LEB-168-ENN], Beta, Red, Rare, 99.99
Prodigal Sorcerer [SGL-MTG-LEB-74-ENN], Beta, Blue, Common, 9.99
Psionic Blast [SGL-MTG-LEB-75-ENN], Beta, Blue, Uncommon, 119.99
Psychic Venom [SGL-MTG-LEB-76-ENN], Beta, Blue, Common, 3.99
Purelace [SGL-MTG-LEB-33-ENN], Beta, White, Rare, 79.99
Raging River [SGL-MTG-LEB-169-ENN], Beta, Red, Rare, 249.99
Raise Dead [SGL-MTG-LEB-123-ENN], Beta, Black, Common, 4.99
Red Elemental Blast [SGL-MTG-LEB-170-ENN], Beta, Red, Common, 29.99
Red Ward [SGL-MTG-LEB-34-ENN], Beta, White, Uncommon, 9.99
Regeneration [SGL-MTG-LEB-214-ENN], Beta, Green, Common, 3.99
Regrowth [SGL-MTG-LEB-215-ENN], Beta, Green, Uncommon, 99.99
Resurrection [SGL-MTG-LEB-35-ENN], Beta, White, Uncommon, 19.99
Reverse Damage [SGL-MTG-LEB-36-ENN], Beta, White, Rare, 99.99
Righteousness [SGL-MTG-LEB-37-ENN], Beta, White, Rare, 99.99
Roc of Kher Ridges [SGL-MTG-LEB-171-ENN], Beta, Red, Rare, 149.99
Rock Hydra [SGL-MTG-LEB-172-ENN], Beta, Red, Rare, 299.99
Rod of Ruin [SGL-MTG-LEB-269-ENN], Beta, Colorless, Uncommon, 11.99
Royal Assassin [SGL-MTG-LEB-124-ENN], Beta, Black, Rare, 599.99
Sacrifice [SGL-MTG-LEB-125-ENN], Beta, Black, Uncommon, 24.99
Samite Healer [SGL-MTG-LEB-38-ENN], Beta, White, Common, 3.99
Savannah [SGL-MTG-LEB-281-ENN-SCAN11], Beta, Colorless, Rare, 1799.99
Savannah [SGL-MTG-LEB-281-ENN-SCAN20], Beta, Colorless, Rare, 1499.99
Savannah [SGL-MTG-LEB-281-ENN], Beta, Colorless, Rare, 1799.99
Savannah Lions [SGL-MTG-LEB-39-ENN], Beta, White, Rare, 599.99
Scathe Zombies [SGL-MTG-LEB-126-ENN], Beta, Black, Common, 5.99
Scavenging Ghoul [SGL-MTG-LEB-127-ENN], Beta, Black, Uncommon, 14.99
Scrubland [SGL-MTG-LEB-282-ENN-SCAN10], Beta, Colorless, Rare, 1999.99
Scrubland [SGL-MTG-LEB-282-ENN-SCAN20], Beta, Colorless, Rare, 1399.99
Scrubland [SGL-MTG-LEB-282-ENN], Beta, Colorless, Rare, 1999.99
Scryb Sprites [SGL-MTG-LEB-216-ENN], Beta, Green, Common, 12.99
Sea Serpent [SGL-MTG-LEB-77-ENN], Beta, Blue, Common, 3.49
Sedge Troll [SGL-MTG-LEB-173-ENN], Beta, Red, Rare, 449.99
Sengir Vampire [SGL-MTG-LEB-128-ENN], Beta, Black, Uncommon, 99.99
Serra Angel [SGL-MTG-LEB-40-ENN], Beta, White, Uncommon, 249.99
Shanodin Dryads [SGL-MTG-LEB-217-ENN], Beta, Green, Common, 3.99
Shatter [SGL-MTG-LEB-174-ENN], Beta, Red, Common, 11.99
Shivan Dragon [SGL-MTG-LEB-175-ENN], Beta, Red, Rare, 1999.99
Simulacrum [SGL-MTG-LEB-129-ENN], Beta, Black, Uncommon, 19.99
Sinkhole [SGL-MTG-LEB-130-ENN], Beta, Black, Common, 49.99
Siren's Call [SGL-MTG-LEB-78-ENN], Beta, Blue, Uncommon, 14.99
Sleight of Mind [SGL-MTG-LEB-79-ENN], Beta, Blue, Rare, 149.99
Smoke [SGL-MTG-LEB-176-ENN], Beta, Red, Rare, 119.99
Sol Ring [SGL-MTG-LEB-270-ENN], Beta, Colorless, Uncommon, 599.99
Soul Net [SGL-MTG-LEB-271-ENN], Beta, Colorless, Uncommon, 12.99
Spell Blast [SGL-MTG-LEB-80-ENN], Beta, Blue, Common, 5.99
Stasis [SGL-MTG-LEB-81-ENN], Beta, Blue, Rare, 599.99
Steal Artifact [SGL-MTG-LEB-82-ENN], Beta, Blue, Uncommon, 19.99
Stone Giant [SGL-MTG-LEB-177-ENN], Beta, Red, Uncommon, 9.99
Stone Rain [SGL-MTG-LEB-178-ENN], Beta, Red, Common, 19.99
Stream of Life [SGL-MTG-LEB-218-ENN], Beta, Green, Common, 4.99
Sunglasses of Urza [SGL-MTG-LEB-272-ENN], Beta, Colorless, Rare, 99.99
Swamp [SGL-MTG-LEB-294-ENN], Beta, Colorless, Basic Land, 19.99
Swamp [SGL-MTG-LEB-295-ENN], Beta, Colorless, Basic Land, 19.99
Swamp [SGL-MTG-LEB-296-ENN], Beta, Colorless, Basic Land, 24.99
Swords to Plowshares [SGL-MTG-LEB-41-ENN], Beta, White, Uncommon, 399.99
Taiga [SGL-MTG-LEB-283-ENN-SCAN20], Beta, Colorless, Rare, 1499.99
Taiga [SGL-MTG-LEB-283-ENN3-SCAN31], Beta, Colorless, Rare, 999.99
Taiga [SGL-MTG-LEB-283-ENN], Beta, Colorless, Rare, 1999.99
Terror [SGL-MTG-LEB-131-ENN], Beta, Black, Common, 19.99
The Hive [SGL-MTG-LEB-273-ENN], Beta, Colorless, Rare, 169.99
Thicket Basilisk [SGL-MTG-LEB-219-ENN], Beta, Green, Uncommon, 19.99
Thoughtlace [SGL-MTG-LEB-83-ENN], Beta, Blue, Rare, 69.99
Throne of Bone [SGL-MTG-LEB-274-ENN], Beta, Colorless, Uncommon, 11.99
Timber Wolves [SGL-MTG-LEB-220-ENN], Beta, Green, Rare, 99.99
Time Vault [SGL-MTG-LEB-275-ENN], Beta, Colorless, Rare, 2499.99
Time Walk [SGL-MTG-LEB-84-ENN], Beta, Blue, Rare, 7999.99
Timetwister [SGL-MTG-LEB-85-ENN], Beta, Blue, Rare, 7999.99
Tranquility [SGL-MTG-LEB-221-ENN], Beta, Green, Common, 5.99
Tropical Island [SGL-MTG-LEB-284-ENN-SCAN20], Beta, Colorless, Rare, 2499.99
Tropical Island [SGL-MTG-LEB-284-ENN], Beta, Colorless, Rare, 3499.99
Tsunami [SGL-MTG-LEB-222-ENN], Beta, Green, Uncommon, 29.99
Tundra [SGL-MTG-LEB-285-ENN], Beta, Colorless, Rare, 3499.99
Tunnel [SGL-MTG-LEB-179-ENN], Beta, Red, Uncommon, 7.99
Twiddle [SGL-MTG-LEB-86-ENN], Beta, Blue, Common, 19.99
Two-Headed Giant of Foriys [SGL-MTG-LEB-180-ENN], Beta, Red, Rare, 299.99
Underground Sea [SGL-MTG-LEB-286-ENN], Beta, Colorless, Rare, 6999.99
Unholy Strength [SGL-MTG-LEB-132-ENN], Beta, Black, Common, 9.99
Unsummon [SGL-MTG-LEB-87-ENN], Beta, Blue, Common, 12.99
Uthden Troll [SGL-MTG-LEB-181-ENN], Beta, Red, Uncommon, 29.99
Verduran Enchantress [SGL-MTG-LEB-223-ENN], Beta, Green, Rare, 249.99
Vesuvan Doppelganger [SGL-MTG-LEB-88-ENN], Beta, Blue, Rare, 899.99
Veteran Bodyguard [SGL-MTG-LEB-42-ENN], Beta, White, Rare, 199.99
Volcanic Eruption [SGL-MTG-LEB-89-ENN], Beta, Blue, Rare, 99.99
Volcanic Island [SGL-MTG-LEB-287-ENN-SCAN20], Beta, Colorless, Rare, 5999.99
Volcanic Island [SGL-MTG-LEB-287-ENN], Beta, Colorless, Rare, 8999.99
Wall of Air [SGL-MTG-LEB-90-ENN], Beta, Blue, Uncommon, 12.99
Wall of Bone [SGL-MTG-LEB-133-ENN], Beta, Black, Uncommon, 12.99
Wall of Brambles [SGL-MTG-LEB-224-ENN], Beta, Green, Uncommon, 12.99
Wall of Fire [SGL-MTG-LEB-182-ENN], Beta, Red, Uncommon, 12.99
Wall of Ice [SGL-MTG-LEB-225-ENN], Beta, Green, Uncommon, 12.99
Wall of Stone [SGL-MTG-LEB-183-ENN], Beta, Red, Uncommon, 12.99
Wall of Swords [SGL-MTG-LEB-43-ENN], Beta, White, Uncommon, 19.99
Wall of Water [SGL-MTG-LEB-91-ENN], Beta, Blue, Uncommon, 12.99
Wall of Wood [SGL-MTG-LEB-226-ENN], Beta, Green, Common, 3.99
Wanderlust [SGL-MTG-LEB-227-ENN], Beta, Green, Uncommon, 12.99
War Mammoth [SGL-MTG-LEB-228-ENN], Beta, Green, Common, 4.99
Warp Artifact [SGL-MTG-LEB-134-ENN], Beta, Black, Rare, 119.99
Water Elemental [SGL-MTG-LEB-92-ENN], Beta, Blue, Uncommon, 12.99
Weakness [SGL-MTG-LEB-135-ENN], Beta, Black, Common, 3.99
Web [SGL-MTG-LEB-229-ENN], Beta, Green, Rare, 79.99
Wheel of Fortune [SGL-MTG-LEB-184-ENN], Beta, Red, Rare, 1999.99
White Knight [SGL-MTG-LEB-44-ENN], Beta, White, Uncommon, 99.99
White Ward [SGL-MTG-LEB-45-ENN], Beta, White, Uncommon, 9.99
Wild Growth [SGL-MTG-LEB-230-ENN], Beta, Green, Common, 14.99
Will-O'-The-Wisp [SGL-MTG-LEB-136-ENN], Beta, Black, Rare, 299.99
Winter Orb [SGL-MTG-LEB-276-ENN], Beta, Colorless, Rare, 699.99
Wooden Sphere [SGL-MTG-LEB-277-ENN], Beta, Colorless, Uncommon, 11.99
Word of Command [SGL-MTG-LEB-137-ENN], Beta, Black, Rare, 399.99
Wrath of God [SGL-MTG-LEB-46-ENN], Beta, White, Rare, 849.99
Zombie Master [SGL-MTG-LEB-138-ENN], Beta, Black, Rare, 149.99
Air Elemental [SGL-MTG-2ED-47-ENN], Unlimited, Blue, Uncommon, 3.99
Ancestral Recall [SGL-MTG-2ED-48-ENN-SCAN10], Unlimited, Blue, Rare, 3499.99
Ancestral Recall [SGL-MTG-2ED-48-ENN-SCAN11], Unlimited, Blue, Rare, 3499.99
Ancestral Recall [SGL-MTG-2ED-48-ENN-SCAN12], Unlimited, Blue, Rare, 3499.99
Ancestral Recall [SGL-MTG-2ED-48-ENN-SCAN21], Unlimited, Blue, Rare, 2499.99
Ancestral Recall [SGL-MTG-2ED-48-ENN3-SCAN30], Unlimited, Blue, Rare, 1799.99
Ancestral Recall [SGL-MTG-2ED-48-ENN3-SCAN33], Unlimited, Blue, Rare, 1799.99
Ancestral Recall [SGL-MTG-2ED-48-ENN], Unlimited, Blue, Rare, 3499.99
Animate Artifact [SGL-MTG-2ED-49-ENN], Unlimited, Blue, Uncommon, 2.99
Animate Dead [SGL-MTG-2ED-93-ENN], Unlimited, Black, Uncommon, 14.99
Animate Wall [SGL-MTG-2ED-1-ENN], Unlimited, White, Rare, 12.99
Ankh of Mishra [SGL-MTG-2ED-231-ENN], Unlimited, Colorless, Rare, 69.99
Armageddon [SGL-MTG-2ED-2-ENN], Unlimited, White, Rare, 99.99
Aspect of Wolf [SGL-MTG-2ED-185-ENN], Unlimited, Green, Rare, 14.99
Bad Moon [SGL-MTG-2ED-94-ENN], Unlimited, Black, Rare, 69.99
Badlands [SGL-MTG-2ED-278-ENN], Unlimited, Colorless, Rare, 599.99
Balance [SGL-MTG-2ED-3-ENN], Unlimited, White, Rare, 69.99
Basalt Monolith [SGL-MTG-2ED-232-ENN], Unlimited, Colorless, Uncommon, 12.99
Bayou [SGL-MTG-2ED-279-ENN], Unlimited, Colorless, Rare, 599.99
Benalish Hero [SGL-MTG-2ED-4-ENN], Unlimited, White, Common, 0.99
Berserk [SGL-MTG-2ED-186-ENN], Unlimited, Green, Uncommon, 69.99
Birds of Paradise [SGL-MTG-2ED-187-ENN], Unlimited, Green, Rare, 249.99
Black Knight [SGL-MTG-2ED-95-ENN], Unlimited, Black, Uncommon, 19.99
Black Lotus [SGL-MTG-2ED-233-ENN-SCAN20], Unlimited, Colorless, Rare, 9999.99
Black Lotus [SGL-MTG-2ED-233-ENN3-SCAN30], Unlimited, Colorless, Rare, 5999.99
Black Lotus [SGL-MTG-2ED-233-ENN], Unlimited, Colorless, Rare, 11999.99
Black Vise [SGL-MTG-2ED-234-ENN], Unlimited, Colorless, Uncommon, 19.99
Black Ward [SGL-MTG-2ED-5-ENN], Unlimited, White, Uncommon, 1.49
Blaze of Glory [SGL-MTG-2ED-6-ENN], Unlimited, White, Rare, 49.99
Blessing [SGL-MTG-2ED-7-ENN], Unlimited, White, Rare, 11.99
Blue Elemental Blast [SGL-MTG-2ED-50-ENN], Unlimited, Blue, Common, 2.99
Blue Ward [SGL-MTG-2ED-8-ENN], Unlimited, White, Uncommon, 0.99
Bog Wraith [SGL-MTG-2ED-96-ENN], Unlimited, Black, Uncommon, 2.99
Braingeyser [SGL-MTG-2ED-51-ENN], Unlimited, Blue, Rare, 79.99
Burrowing [SGL-MTG-2ED-139-ENN], Unlimited, Red, Uncommon, 0.99
Camouflage [SGL-MTG-2ED-188-ENN], Unlimited, Green, Uncommon, 6.99
Castle [SGL-MTG-2ED-9-ENN], Unlimited, White, Uncommon, 1.49
Celestial Prism [SGL-MTG-2ED-235-ENN], Unlimited, Colorless, Uncommon, 1.99
Channel [SGL-MTG-2ED-189-ENN], Unlimited, Green, Uncommon, 3.99
Chaos Orb [SGL-MTG-2ED-236-ENN3-SCAN30], Unlimited, Colorless, Rare, 599.99
Chaos Orb [SGL-MTG-2ED-236-ENN3-SCAN31], Unlimited, Colorless, Rare, 599.99
Chaos Orb [SGL-MTG-2ED-236-ENN], Unlimited, Colorless, Rare, 999.99
Chaoslace [SGL-MTG-2ED-140-ENN], Unlimited, Red, Rare, 6.99
Circle of Protection: Black [SGL-MTG-2ED-10-ENN], Unlimited, White, Common, 0.99
Circle of Protection: Blue [SGL-MTG-2ED-11-ENN], Unlimited, White, Common, 0.59
Circle of Protection: Green [SGL-MTG-2ED-12-ENN], Unlimited, White, Common, 0.99
Circle of Protection: Red [SGL-MTG-2ED-13-ENN], Unlimited, White, Common, 1.99
Circle of Protection: White [SGL-MTG-2ED-14-ENN], Unlimited, White, Common, 0.59
Clockwork Beast [SGL-MTG-2ED-237-ENN], Unlimited, Colorless, Rare, 19.99
Clone [SGL-MTG-2ED-52-ENN], Unlimited, Blue, Uncommon, 6.99
Cockatrice [SGL-MTG-2ED-190-ENN], Unlimited, Green, Rare, 19.99
Consecrate Land [SGL-MTG-2ED-15-ENN], Unlimited, White, Uncommon, 1.99
Conservator [SGL-MTG-2ED-238-ENN], Unlimited, Colorless, Uncommon, 1.49
Contract from Below [SGL-MTG-2ED-97-ENN], Unlimited, Black, Rare, 39.99
Control Magic [SGL-MTG-2ED-53-ENN], Unlimited, Blue, Uncommon, 12.99
Conversion [SGL-MTG-2ED-16-ENN], Unlimited, White, Uncommon, 1.49
Copper Tablet [SGL-MTG-2ED-239-ENN], Unlimited, Colorless, Uncommon, 14.99
Copy Artifact [SGL-MTG-2ED-54-ENN], Unlimited, Blue, Rare, 119.99
Counterspell [SGL-MTG-2ED-55-ENN], Unlimited, Blue, Uncommon, 59.99
Craw Wurm [SGL-MTG-2ED-191-ENN], Unlimited, Green, Common, 0.99
Creature Bond [SGL-MTG-2ED-56-ENN], Unlimited, Blue, Common, 0.39
Crusade [SGL-MTG-2ED-17-ENN], Unlimited, White, Rare, 69.99
Crystal Rod [SGL-MTG-2ED-240-ENN], Unlimited, Colorless, Uncommon, 1.99
Cursed Land [SGL-MTG-2ED-98-ENN], Unlimited, Black, Uncommon, 1.99
Cyclopean Tomb [SGL-MTG-2ED-241-ENN], Unlimited, Colorless, Rare, 99.99
Dark Ritual [SGL-MTG-2ED-99-ENN], Unlimited, Black, Common, 6.99
Darkpact [SGL-MTG-2ED-100-ENN], Unlimited, Black, Rare, 14.99
Death Ward [SGL-MTG-2ED-18-ENN], Unlimited, White, Common, 0.39
Deathgrip [SGL-MTG-2ED-101-ENN], Unlimited, Black, Uncommon, 2.99
Deathlace [SGL-MTG-2ED-102-ENN], Unlimited, Black, Rare, 9.99
Demonic Attorney [SGL-MTG-2ED-103-ENN], Unlimited, Black, Rare, 19.99
Demonic Hordes [SGL-MTG-2ED-104-ENN], Unlimited, Black, Rare, 49.99
Demonic Tutor [SGL-MTG-2ED-105-ENN], Unlimited, Black, Uncommon, 79.99
Dingus Egg [SGL-MTG-2ED-242-ENN], Unlimited, Colorless, Rare, 19.99
Disenchant [SGL-MTG-2ED-19-ENN], Unlimited, White, Common, 5.99
Disintegrate [SGL-MTG-2ED-141-ENN], Unlimited, Red, Common, 1.99
Disrupting Scepter [SGL-MTG-2ED-243-ENN], Unlimited, Colorless, Rare, 49.99
Dragon Whelp [SGL-MTG-2ED-142-ENN], Unlimited, Red, Uncommon, 4.99
Drain Life [SGL-MTG-2ED-106-ENN], Unlimited, Black, Common, 2.99
Drain Power [SGL-MTG-2ED-57-ENN], Unlimited, Blue, Rare, 12.99
Drudge Skeletons [SGL-MTG-2ED-107-ENN], Unlimited, Black, Common, 0.75
Dwarven Demolition Team [SGL-MTG-2ED-143-ENN], Unlimited, Red, Uncommon, 2.49
Dwarven Warriors [SGL-MTG-2ED-144-ENN], Unlimited, Red, Common, 0.39
Earth Elemental [SGL-MTG-2ED-145-ENN], Unlimited, Red, Uncommon, 2.99
Earthbind [SGL-MTG-2ED-146-ENN], Unlimited, Red, Common, 1.99
Earthquake [SGL-MTG-2ED-147-ENN], Unlimited, Red, Rare, 59.99
Elvish Archers [SGL-MTG-2ED-192-ENN], Unlimited, Green, Rare, 39.99
Evil Presence [SGL-MTG-2ED-108-ENN], Unlimited, Black, Uncommon, 2.99
False Orders [SGL-MTG-2ED-148-ENN], Unlimited, Red, Common, 1.49
Farmstead [SGL-MTG-2ED-20-ENN], Unlimited, White, Rare, 12.99
Fastbond [SGL-MTG-2ED-193-ENN], Unlimited, Green, Rare, 79.99
Fear [SGL-MTG-2ED-109-ENN], Unlimited, Black, Common, 0.49
Feedback [SGL-MTG-2ED-58-ENN], Unlimited, Blue, Uncommon, 1.49
Fire Elemental [SGL-MTG-2ED-149-ENN], Unlimited, Red, Uncommon, 3.99
Fireball [SGL-MTG-2ED-150-ENN], Unlimited, Red, Common, 3.99
Firebreathing [SGL-MTG-2ED-151-ENN], Unlimited, Red, Common, 0.39
Flashfires [SGL-MTG-2ED-152-ENN], Unlimited, Red, Uncommon, 2.99
Flight [SGL-MTG-2ED-59-ENN], Unlimited, Blue, Common, 0.39
Fog [SGL-MTG-2ED-194-ENN], Unlimited, Green, Common, 1.99
Force of Nature [SGL-MTG-2ED-195-ENN], Unlimited, Green, Rare, 59.99
Forcefield [SGL-MTG-2ED-244-ENN], Unlimited, Colorless, Rare, 399.99
Forest [SGL-MTG-2ED-300-ENN], Unlimited, Colorless, Basic Land, 2.49
Forest [SGL-MTG-2ED-301-ENN], Unlimited, Colorless, Basic Land, 1.99
Forest [SGL-MTG-2ED-302-ENN], Unlimited, Colorless, Basic Land, 2.49
Fork [SGL-MTG-2ED-153-ENN], Unlimited, Red, Rare, 99.99
Frozen Shade [SGL-MTG-2ED-110-ENN], Unlimited, Black, Common, 0.49
Fungusaur [SGL-MTG-2ED-196-ENN], Unlimited, Green, Rare, 19.99
Gaea's Liege [SGL-MTG-2ED-197-ENN], Unlimited, Green, Rare, 29.99
Gauntlet of Might [SGL-MTG-2ED-245-ENN], Unlimited, Colorless, Rare, 449.99
Giant Growth [SGL-MTG-2ED-198-ENN], Unlimited, Green, Common, 2.99
Giant Spider [SGL-MTG-2ED-199-ENN], Unlimited, Green, Common, 0.49
Glasses of Urza [SGL-MTG-2ED-246-ENN], Unlimited, Colorless, Uncommon, 3.99
Gloom [SGL-MTG-2ED-111-ENN], Unlimited, Black, Uncommon, 9.99
Goblin Balloon Brigade [SGL-MTG-2ED-154-ENN], Unlimited, Red, Uncommon, 9.99
Goblin King [SGL-MTG-2ED-155-ENN], Unlimited, Red, Rare, 69.99
Granite Gargoyle [SGL-MTG-2ED-156-ENN], Unlimited, Red, Rare, 29.99
Gray Ogre [SGL-MTG-2ED-157-ENN], Unlimited, Red, Common, 0.49
Green Ward [SGL-MTG-2ED-21-ENN], Unlimited, White, Uncommon, 0.99
Grizzly Bears [SGL-MTG-2ED-200-ENN], Unlimited, Green, Common, 0.99
Guardian Angel [SGL-MTG-2ED-22-ENN], Unlimited, White, Common, 0.39
Healing Salve [SGL-MTG-2ED-23-ENN], Unlimited, White, Common, 0.39
Helm of Chatzuk [SGL-MTG-2ED-247-ENN], Unlimited, Colorless, Rare, 9.99
Hill Giant [SGL-MTG-2ED-158-ENN], Unlimited, Red, Common, 0.39
Holy Armor [SGL-MTG-2ED-24-ENN], Unlimited, White, Common, 0.49
Holy Strength [SGL-MTG-2ED-25-ENN], Unlimited, White, Common, 0.49
Howl from Beyond [SGL-MTG-2ED-112-ENN], Unlimited, Black, Common, 0.99
Howling Mine [SGL-MTG-2ED-248-ENN], Unlimited, Colorless, Rare, 109.99
Hurloon Minotaur [SGL-MTG-2ED-159-ENN], Unlimited, Red, Common, 0.49
Hurricane [SGL-MTG-2ED-201-ENN], Unlimited, Green, Uncommon, 4.99
Hypnotic Specter [SGL-MTG-2ED-113-ENN], Unlimited, Black, Uncommon, 29.99
Ice Storm [SGL-MTG-2ED-202-ENN], Unlimited, Green, Uncommon, 39.99
Icy Manipulator [SGL-MTG-2ED-249-ENN], Unlimited, Colorless, Uncommon, 79.99
Illusionary Mask [SGL-MTG-2ED-250-ENN], Unlimited, Colorless, Rare, 179.99
Instill Energy [SGL-MTG-2ED-203-ENN], Unlimited, Green, Uncommon, 4.99
Invisibility [SGL-MTG-2ED-60-ENN], Unlimited, Blue, Common, 0.59
Iron Star [SGL-MTG-2ED-251-ENN], Unlimited, Colorless, Uncommon, 1.49
Ironclaw Orcs [SGL-MTG-2ED-160-ENN], Unlimited, Red, Common, 0.59
Ironroot Treefolk [SGL-MTG-2ED-204-ENN], Unlimited, Green, Common, 0.49
Island [SGL-MTG-2ED-291-ENN], Unlimited, Colorless, Basic Land, 2.99
Island [SGL-MTG-2ED-292-ENN], Unlimited, Colorless, Basic Land, 2.99
Island [SGL-MTG-2ED-293-ENN], Unlimited, Colorless, Basic Land, 2.99
Island Sanctuary [SGL-MTG-2ED-26-ENN], Unlimited, White, Rare, 29.99
Ivory Cup [SGL-MTG-2ED-252-ENN], Unlimited, Colorless, Uncommon, 1.49
Jade Monolith [SGL-MTG-2ED-253-ENN], Unlimited, Colorless, Rare, 12.99
Jade Statue [SGL-MTG-2ED-254-ENN], Unlimited, Colorless, Uncommon, 8.99
Jayemdae Tome [SGL-MTG-2ED-255-ENN], Unlimited, Colorless, Rare, 99.99
Juggernaut [SGL-MTG-2ED-256-ENN], Unlimited, Colorless, Uncommon, 14.99
Jump [SGL-MTG-2ED-61-ENN], Unlimited, Blue, Common, 0.39
Karma [SGL-MTG-2ED-27-ENN], Unlimited, White, Uncommon, 4.99
Keldon Warlord [SGL-MTG-2ED-161-ENN], Unlimited, Red, Uncommon, 2.99
Kormus Bell [SGL-MTG-2ED-257-ENN], Unlimited, Colorless, Rare, 19.99
Kudzu [SGL-MTG-2ED-205-ENN], Unlimited, Green, Rare, 19.99
Lance [SGL-MTG-2ED-28-ENN], Unlimited, White, Uncommon, 1.49
Ley Druid [SGL-MTG-2ED-206-ENN], Unlimited, Green, Uncommon, 1.99
Library of Leng [SGL-MTG-2ED-258-ENN], Unlimited, Colorless, Uncommon, 9.99
Lich [SGL-MTG-2ED-114-ENN], Unlimited, Black, Rare, 99.99
Lifeforce [SGL-MTG-2ED-207-ENN], Unlimited, Green, Uncommon, 2.99
Lifelace [SGL-MTG-2ED-208-ENN], Unlimited, Green, Rare, 6.99
Lifetap [SGL-MTG-2ED-62-ENN], Unlimited, Blue, Uncommon, 1.49
Lightning Bolt [SGL-MTG-2ED-162-ENN], Unlimited, Red, Common, 19.99
Living Artifact [SGL-MTG-2ED-209-ENN], Unlimited, Green, Rare, 12.99
Living Lands [SGL-MTG-2ED-210-ENN], Unlimited, Green, Rare, 9.99
Living Wall [SGL-MTG-2ED-259-ENN], Unlimited, Colorless, Uncommon, 3.99
Llanowar Elves [SGL-MTG-2ED-211-ENN], Unlimited, Green, Common, 5.99
Lord of Atlantis [SGL-MTG-2ED-63-ENN], Unlimited, Blue, Rare, 79.99
Lord of the Pit [SGL-MTG-2ED-115-ENN], Unlimited, Black, Rare, 39.99
Lure [SGL-MTG-2ED-212-ENN], Unlimited, Green, Uncommon, 2.99
Magical Hack [SGL-MTG-2ED-64-ENN], Unlimited, Blue, Rare, 14.99
Mahamoti Djinn [SGL-MTG-2ED-65-ENN], Unlimited, Blue, Rare, 69.99
Mana Flare [SGL-MTG-2ED-163-ENN], Unlimited, Red, Rare, 49.99
Mana Short [SGL-MTG-2ED-66-ENN], Unlimited, Blue, Rare, 29.99
Mana Vault [SGL-MTG-2ED-260-ENN], Unlimited, Colorless, Rare, 149.99
Manabarbs [SGL-MTG-2ED-164-ENN], Unlimited, Red, Rare, 19.99
Meekstone [SGL-MTG-2ED-261-ENN], Unlimited, Colorless, Rare, 49.99
Merfolk of the Pearl Trident [SGL-MTG-2ED-67-ENN], Unlimited, Blue, Common, 0.59
Mesa Pegasus [SGL-MTG-2ED-29-ENN], Unlimited, White, Common, 0.49
Mind Twist [SGL-MTG-2ED-116-ENN], Unlimited, Black, Rare, 79.99
Mons's Goblin Raiders [SGL-MTG-2ED-165-ENN], Unlimited, Red, Common, 0.75
Mountain [SGL-MTG-2ED-297-ENN], Unlimited, Colorless, Basic Land, 1.99
Mountain [SGL-MTG-2ED-298-ENN], Unlimited, Colorless, Basic Land, 1.99
Mountain [SGL-MTG-2ED-299-ENN], Unlimited, Colorless, Basic Land, 1.99
Mox Emerald [SGL-MTG-2ED-262-ENN-SCAN10], Unlimited, Colorless, Rare, 3499.99
Mox Emerald [SGL-MTG-2ED-262-ENN-SCAN21], Unlimited, Colorless, Rare, 2199.99
Mox Emerald [SGL-MTG-2ED-262-ENN], Unlimited, Colorless, Rare, 3499.99
Mox Jet [SGL-MTG-2ED-263-ENN-SCAN20], Unlimited, Colorless, Rare, 2499.99
Mox Jet [SGL-MTG-2ED-263-ENN-SCAN21], Unlimited, Colorless, Rare, 2699.99
Mox Jet [SGL-MTG-2ED-263-ENN-SCAN22], Unlimited, Colorless, Rare, 2499.99
Mox Jet [SGL-MTG-2ED-263-ENN3-SCAN32], Unlimited, Colorless, Rare, 1799.99
Mox Jet [SGL-MTG-2ED-263-ENN], Unlimited, Colorless, Rare, 3499.99
Mox Pearl [SGL-MTG-2ED-264-ENN-SCAN10], Unlimited, Colorless, Rare, 3499.99
Mox Pearl [SGL-MTG-2ED-264-ENN-SCAN20], Unlimited, Colorless, Rare, 2799.99
Mox Pearl [SGL-MTG-2ED-264-ENN-SCAN21], Unlimited, Colorless, Rare, 2499.99
Mox Pearl [SGL-MTG-2ED-264-ENN-SCAN22], Unlimited, Colorless, Rare, 2499.99
Mox Pearl [SGL-MTG-2ED-264-ENN-SCAN23], Unlimited, Colorless, Rare, 2499.99
Mox Pearl [SGL-MTG-2ED-264-ENN-SCAN24], Unlimited, Colorless, Rare, 2499.99
Mox Pearl [SGL-MTG-2ED-264-ENN-SCAN25], Unlimited, Colorless, Rare, 2799.99
Mox Pearl [SGL-MTG-2ED-264-ENN3-SCAN32], Unlimited, Colorless, Rare, 1799.99
Mox Pearl [SGL-MTG-2ED-264-ENN], Unlimited, Colorless, Rare, 3499.99
Mox Ruby [SGL-MTG-2ED-265-ENN-SCAN21], Unlimited, Colorless, Rare, 2799.99
Mox Ruby [SGL-MTG-2ED-265-ENN-SCAN22], Unlimited, Colorless, Rare, 2799.99
Mox Ruby [SGL-MTG-2ED-265-ENN], Unlimited, Colorless, Rare, 3499.99
Mox Sapphire [SGL-MTG-2ED-266-ENN-SCAN10], Unlimited, Colorless, Rare, 3999.99
Mox Sapphire [SGL-MTG-2ED-266-ENN-SCAN20], Unlimited, Colorless, Rare, 2999.99
Mox Sapphire [SGL-MTG-2ED-266-ENN-SCAN21], Unlimited, Colorless, Rare, 3199.99
Mox Sapphire [SGL-MTG-2ED-266-ENN3-SCAN30], Unlimited, Colorless, Rare, 2199.99
Mox Sapphire [SGL-MTG-2ED-266-ENN], Unlimited, Colorless, Rare, 3999.99
Natural Selection [SGL-MTG-2ED-213-ENN], Unlimited, Green, Rare, 79.99
Nether Shadow [SGL-MTG-2ED-117-ENN], Unlimited, Black, Rare, 24.99
Nettling Imp [SGL-MTG-2ED-118-ENN], Unlimited, Black, Uncommon, 2.99
Nevinyrral's Disk [SGL-MTG-2ED-267-ENN], Unlimited, Colorless, Rare, 149.99
Nightmare [SGL-MTG-2ED-119-ENN], Unlimited, Black, Rare, 69.99
Northern Paladin [SGL-MTG-2ED-30-ENN], Unlimited, White, Rare, 19.99
Obsianus Golem [SGL-MTG-2ED-268-ENN], Unlimited, Colorless, Uncommon, 1.49
Orcish Artillery [SGL-MTG-2ED-166-ENN], Unlimited, Red, Uncommon, 2.99
Orcish Oriflamme [SGL-MTG-2ED-167-ENN], Unlimited, Red, Uncommon, 2.99
Paralyze [SGL-MTG-2ED-120-ENN], Unlimited, Black, Common, 1.99
Pearled Unicorn [SGL-MTG-2ED-31-ENN], Unlimited, White, Common, 0.49
Personal Incarnation [SGL-MTG-2ED-32-ENN], Unlimited, White, Rare, 19.99
Pestilence [SGL-MTG-2ED-121-ENN], Unlimited, Black, Common, 1.99
Phantasmal Forces [SGL-MTG-2ED-68-ENN], Unlimited, Blue, Uncommon, 2.99
Phantasmal Terrain [SGL-MTG-2ED-69-ENN], Unlimited, Blue, Common, 0.49
Phantom Monster [SGL-MTG-2ED-70-ENN], Unlimited, Blue, Uncommon, 4.99
Pirate Ship [SGL-MTG-2ED-71-ENN], Unlimited, Blue, Rare, 19.99
Plague Rats [SGL-MTG-2ED-122-ENN], Unlimited, Black, Common, 0.99
Plains [SGL-MTG-2ED-288-ENN], Unlimited, Colorless, Basic Land, 1.99
Plains [SGL-MTG-2ED-289-ENN], Unlimited, Colorless, Basic Land, 1.99
Plains [SGL-MTG-2ED-290-ENN], Unlimited, Colorless, Basic Land, 1.99
Plateau [SGL-MTG-2ED-280-ENN], Unlimited, Colorless, Rare, 499.99
Power Leak [SGL-MTG-2ED-72-ENN], Unlimited, Blue, Common, 0.49
Power Sink [SGL-MTG-2ED-73-ENN], Unlimited, Blue, Common, 2.99
Power Surge [SGL-MTG-2ED-168-ENN], Unlimited, Red, Rare, 14.99
Prodigal Sorcerer [SGL-MTG-2ED-74-ENN], Unlimited, Blue, Common, 1.99
Psionic Blast [SGL-MTG-2ED-75-ENN], Unlimited, Blue, Uncommon, 39.99
Psychic Venom [SGL-MTG-2ED-76-ENN], Unlimited, Blue, Common, 0.49
Purelace [SGL-MTG-2ED-33-ENN], Unlimited, White, Rare, 11.99
Raging River [SGL-MTG-2ED-169-ENN], Unlimited, Red, Rare, 99.99
Raise Dead [SGL-MTG-2ED-123-ENN], Unlimited, Black, Common, 0.59
Red Elemental Blast [SGL-MTG-2ED-170-ENN], Unlimited, Red, Common, 3.99
Red Ward [SGL-MTG-2ED-34-ENN], Unlimited, White, Uncommon, 0.99
Regeneration [SGL-MTG-2ED-214-ENN], Unlimited, Green, Common, 0.49
Regrowth [SGL-MTG-2ED-215-ENN], Unlimited, Green, Uncommon, 9.99
Resurrection [SGL-MTG-2ED-35-ENN], Unlimited, White, Uncommon, 2.99
Reverse Damage [SGL-MTG-2ED-36-ENN], Unlimited, White, Rare, 14.99
Righteousness [SGL-MTG-2ED-37-ENN], Unlimited, White, Rare, 19.99
Roc of Kher Ridges [SGL-MTG-2ED-171-ENN], Unlimited, Red, Rare, 29.99
Rock Hydra [SGL-MTG-2ED-172-ENN], Unlimited, Red, Rare, 49.99
Rod of Ruin [SGL-MTG-2ED-269-ENN], Unlimited, Colorless, Uncommon, 1.99
Royal Assassin [SGL-MTG-2ED-124-ENN], Unlimited, Black, Rare, 99.99
Sacrifice [SGL-MTG-2ED-125-ENN], Unlimited, Black, Uncommon, 1.99
Samite Healer [SGL-MTG-2ED-38-ENN], Unlimited, White, Common, 0.49
Savannah [SGL-MTG-2ED-281-ENN], Unlimited, Colorless, Rare, 399.99
Savannah Lions [SGL-MTG-2ED-39-ENN], Unlimited, White, Rare, 139.99
Scathe Zombies [SGL-MTG-2ED-126-ENN], Unlimited, Black, Common, 0.49
Scavenging Ghoul [SGL-MTG-2ED-127-ENN], Unlimited, Black, Uncommon, 1.49
Scrubland [SGL-MTG-2ED-282-ENN], Unlimited, Colorless, Rare, 449.99
Scryb Sprites [SGL-MTG-2ED-216-ENN], Unlimited, Green, Common, 1.99
Sea Serpent [SGL-MTG-2ED-77-ENN], Unlimited, Blue, Common, 0.49
Sedge Troll [SGL-MTG-2ED-173-ENN], Unlimited, Red, Rare, 79.99
Sengir Vampire [SGL-MTG-2ED-128-ENN], Unlimited, Black, Uncommon, 19.99
Serra Angel [SGL-MTG-2ED-40-ENN], Unlimited, White, Uncommon, 39.99
Shanodin Dryads [SGL-MTG-2ED-217-ENN], Unlimited, Green, Common, 0.49
Shatter [SGL-MTG-2ED-174-ENN], Unlimited, Red, Common, 1.99
Shivan Dragon [SGL-MTG-2ED-175-ENN], Unlimited, Red, Rare, 199.99
Simulacrum [SGL-MTG-2ED-129-ENN], Unlimited, Black, Uncommon, 1.99
Sinkhole [SGL-MTG-2ED-130-ENN], Unlimited, Black, Common, 17.99
Siren's Call [SGL-MTG-2ED-78-ENN], Unlimited, Blue, Uncommon, 1.99
Sleight of Mind [SGL-MTG-2ED-79-ENN], Unlimited, Blue, Rare, 17.99
Smoke [SGL-MTG-2ED-176-ENN], Unlimited, Red, Rare, 19.99
Sol Ring [SGL-MTG-2ED-270-ENN], Unlimited, Colorless, Uncommon, 69.99
Soul Net [SGL-MTG-2ED-271-ENN], Unlimited, Colorless, Uncommon, 1.99
Spell Blast [SGL-MTG-2ED-80-ENN], Unlimited, Blue, Common, 0.99
Stasis [SGL-MTG-2ED-81-ENN], Unlimited, Blue, Rare, 89.99
Steal Artifact [SGL-MTG-2ED-82-ENN], Unlimited, Blue, Uncommon, 4.99
Stone Giant [SGL-MTG-2ED-177-ENN], Unlimited, Red, Uncommon, 1.49
Stone Rain [SGL-MTG-2ED-178-ENN], Unlimited, Red, Common, 2.99
Stream of Life [SGL-MTG-2ED-218-ENN], Unlimited, Green, Common, 0.59
Sunglasses of Urza [SGL-MTG-2ED-272-ENN], Unlimited, Colorless, Rare, 11.99
Swamp [SGL-MTG-2ED-294-ENN], Unlimited, Colorless, Basic Land, 1.99
Swamp [SGL-MTG-2ED-295-ENN], Unlimited, Colorless, Basic Land, 1.99
Swamp [SGL-MTG-2ED-296-ENN], Unlimited, Colorless, Basic Land, 2.49
Swords to Plowshares [SGL-MTG-2ED-41-ENN], Unlimited, White, Uncommon, 49.99
Taiga [SGL-MTG-2ED-283-ENN], Unlimited, Colorless, Rare, 449.99
Terror [SGL-MTG-2ED-131-ENN], Unlimited, Black, Common, 2.99
The Hive [SGL-MTG-2ED-273-ENN], Unlimited, Colorless, Rare, 19.99
Thicket Basilisk [SGL-MTG-2ED-219-ENN], Unlimited, Green, Uncommon, 1.49
Thoughtlace [SGL-MTG-2ED-83-ENN], Unlimited, Blue, Rare, 7.99
Throne of Bone [SGL-MTG-2ED-274-ENN], Unlimited, Colorless, Uncommon, 2.99
Timber Wolves [SGL-MTG-2ED-220-ENN], Unlimited, Green, Rare, 12.99
Time Vault [SGL-MTG-2ED-275-ENN-SCAN21], Unlimited, Colorless, Rare, 699.99
Time Vault [SGL-MTG-2ED-275-ENN-SCAN23], Unlimited, Colorless, Rare, 699.99
Time Vault [SGL-MTG-2ED-275-ENN3-SCAN30], Unlimited, Colorless, Rare, 499.99
Time Vault [SGL-MTG-2ED-275-ENN3-SCAN31], Unlimited, Colorless, Rare, 499.99
Time Vault [SGL-MTG-2ED-275-ENN], Unlimited, Colorless, Rare, 999.99
Time Walk [SGL-MTG-2ED-84-ENN-SCAN10], Unlimited, Blue, Rare, 3499.99
Time Walk [SGL-MTG-2ED-84-ENN-SCAN11], Unlimited, Blue, Rare, 3499.99
Time Walk [SGL-MTG-2ED-84-ENN-SCAN20], Unlimited, Blue, Rare, 2499.99
Time Walk [SGL-MTG-2ED-84-ENN-SCAN21], Unlimited, Blue, Rare, 2499.99
Time Walk [SGL-MTG-2ED-84-ENN3-SCAN33], Unlimited, Blue, Rare, 1799.99
Time Walk [SGL-MTG-2ED-84-ENN3-SCAN34], Unlimited, Blue, Rare, 1799.99
Time Walk [SGL-MTG-2ED-84-ENN3-SCAN35], Unlimited, Blue, Rare, 1799.99
Time Walk [SGL-MTG-2ED-84-ENN3-SCAN36], Unlimited, Blue, Rare, 1799.99
Time Walk [SGL-MTG-2ED-84-ENN], Unlimited, Blue, Rare, 3499.99
Timetwister [SGL-MTG-2ED-85-ENN-SCAN20], Unlimited, Blue, Rare, 2999.99
Timetwister [SGL-MTG-2ED-85-ENN-SCAN21], Unlimited, Blue, Rare, 2799.99
Timetwister [SGL-MTG-2ED-85-ENN-SCAN22], Unlimited, Blue, Rare, 2999.99
Timetwister [SGL-MTG-2ED-85-ENN3-SCAN30], Unlimited, Blue, Rare, 1999.99
Timetwister [SGL-MTG-2ED-85-ENN], Unlimited, Blue, Rare, 3799.99
Tranquility [SGL-MTG-2ED-221-ENN], Unlimited, Green, Common, 0.99
Tropical Island [SGL-MTG-2ED-284-ENN], Unlimited, Colorless, Rare, 799.99
Tsunami [SGL-MTG-2ED-222-ENN], Unlimited, Green, Uncommon, 3.99
Tundra [SGL-MTG-2ED-285-ENN], Unlimited, Colorless, Rare, 799.99
Tunnel [SGL-MTG-2ED-179-ENN], Unlimited, Red, Uncommon, 1.49
Twiddle [SGL-MTG-2ED-86-ENN], Unlimited, Blue, Common, 2.99
Two-Headed Giant of Foriys [SGL-MTG-2ED-180-ENN], Unlimited, Red, Rare, 79.99
Underground Sea [SGL-MTG-2ED-286-ENN-SCAN10], Unlimited, Colorless, Rare, 999.99
Underground Sea [SGL-MTG-2ED-286-ENN-SCAN11], Unlimited, Colorless, Rare, 999.99
Underground Sea [SGL-MTG-2ED-286-ENN-SCAN20], Unlimited, Colorless, Rare, 699.99
Underground Sea [SGL-MTG-2ED-286-ENN-SCAN21], Unlimited, Colorless, Rare, 699.99
Underground Sea [SGL-MTG-2ED-286-ENN-SCAN22], Unlimited, Colorless, Rare, 699.99
Underground Sea [SGL-MTG-2ED-286-ENN3-SCAN30], Unlimited, Colorless, Rare, 449.99
Underground Sea [SGL-MTG-2ED-286-ENN3-SCAN31], Unlimited, Colorless, Rare, 499.99
Underground Sea [SGL-MTG-2ED-286-ENN], Unlimited, Colorless, Rare, 999.99
Unholy Strength [SGL-MTG-2ED-132-ENN], Unlimited, Black, Common, 1.99
Unsummon [SGL-MTG-2ED-87-ENN], Unlimited, Blue, Common, 1.49
Uthden Troll [SGL-MTG-2ED-181-ENN], Unlimited, Red, Uncommon, 6.99
Verduran Enchantress [SGL-MTG-2ED-223-ENN], Unlimited, Green, Rare, 49.99
Vesuvan Doppelganger [SGL-MTG-2ED-88-ENN], Unlimited, Blue, Rare, 99.99
Veteran Bodyguard [SGL-MTG-2ED-42-ENN], Unlimited, White, Rare, 19.99
Volcanic Eruption [SGL-MTG-2ED-89-ENN], Unlimited, Blue, Rare, 11.99
Volcanic Island [SGL-MTG-2ED-287-ENN-SCAN11], Unlimited, Colorless, Rare, 999.99
Volcanic Island [SGL-MTG-2ED-287-ENN], Unlimited, Colorless, Rare, 999.99
Wall of Air [SGL-MTG-2ED-90-ENN], Unlimited, Blue, Uncommon, 1.99
Wall of Bone [SGL-MTG-2ED-133-ENN], Unlimited, Black, Uncommon, 2.99
Wall of Brambles [SGL-MTG-2ED-224-ENN], Unlimited, Green, Uncommon, 1.99
Wall of Fire [SGL-MTG-2ED-182-ENN], Unlimited, Red, Uncommon, 1.99
Wall of Ice [SGL-MTG-2ED-225-ENN], Unlimited, Green, Uncommon, 1.99
Wall of Stone [SGL-MTG-2ED-183-ENN], Unlimited, Red, Uncommon, 1.49
Wall of Swords [SGL-MTG-2ED-43-ENN], Unlimited, White, Uncommon, 2.99
Wall of Water [SGL-MTG-2ED-91-ENN], Unlimited, Blue, Uncommon, 1.99
Wall of Wood [SGL-MTG-2ED-226-ENN], Unlimited, Green, Common, 0.49
Wanderlust [SGL-MTG-2ED-227-ENN], Unlimited, Green, Uncommon, 2.99
War Mammoth [SGL-MTG-2ED-228-ENN], Unlimited, Green, Common, 0.49
Warp Artifact [SGL-MTG-2ED-134-ENN], Unlimited, Black, Rare, 14.99
Water Elemental [SGL-MTG-2ED-92-ENN], Unlimited, Blue, Uncommon, 1.99
Weakness [SGL-MTG-2ED-135-ENN], Unlimited, Black, Common, 0.59
Web [SGL-MTG-2ED-229-ENN], Unlimited, Green, Rare, 9.99
Wheel of Fortune [SGL-MTG-2ED-184-ENN], Unlimited, Red, Rare, 199.99
White Knight [SGL-MTG-2ED-44-ENN], Unlimited, White, Uncommon, 12.99
White Ward [SGL-MTG-2ED-45-ENN], Unlimited, White, Uncommon, 1.49
Wild Growth [SGL-MTG-2ED-230-ENN], Unlimited, Green, Common, 1.99
Will-O'-The-Wisp [SGL-MTG-2ED-136-ENN], Unlimited, Black, Rare, 49.99
Winter Orb [SGL-MTG-2ED-276-ENN], Unlimited, Colorless, Rare, 99.99
Wooden Sphere [SGL-MTG-2ED-277-ENN], Unlimited, Colorless, Uncommon, 1.49
Word of Command [SGL-MTG-2ED-137-ENN], Unlimited, Black, Rare, 149.99
Wrath of God [SGL-MTG-2ED-46-ENN], Unlimited, White, Rare, 99.99
Zombie Master [SGL-MTG-2ED-138-ENN], Unlimited, Black, Rare, 39.99
Abu Ja'far [SGL-MTG-ARN-1-ENN], Arabian Nights, White, Uncommon, 11.99
Aladdin [SGL-MTG-ARN-34-ENN], Arabian Nights, Red, Rare, 39.99
Aladdin's Lamp [SGL-MTG-ARN-56-ENN], Arabian Nights, Colorless, Rare, 19.99
Aladdin's Ring [SGL-MTG-ARN-57-ENN], Arabian Nights, Colorless, Rare, 19.99
Ali Baba [SGL-MTG-ARN-35-ENN], Arabian Nights, Red, Uncommon, 9.99
Ali from Cairo [SGL-MTG-ARN-36-ENN], Arabian Nights, Red, Rare, 199.99
Army of Allah [SGL-MTG-ARN-2-ENN], Arabian Nights, White, Common, 8.99
Army of Allah [SGL-MTG-ARN-2-ENN], Arabian Nights, White, Common, 11.99
Bazaar of Baghdad [SGL-MTG-ARN-70-ENN-SCAN13], Arabian Nights, Colorless, Uncommon, 1199.99
Bazaar of Baghdad [SGL-MTG-ARN-70-ENN-SCAN14], Arabian Nights, Colorless, Uncommon, 1199.99
Bazaar of Baghdad [SGL-MTG-ARN-70-ENN-SCAN20], Arabian Nights, Colorless, Uncommon, 899.99
Bazaar of Baghdad [SGL-MTG-ARN-70-ENN3-SCAN30], Arabian Nights, Colorless, Uncommon, 599.99
Bazaar of Baghdad [SGL-MTG-ARN-70-ENN3-SCAN31], Arabian Nights, Colorless, Uncommon, 699.99
Bazaar of Baghdad [SGL-MTG-ARN-70-ENN3-SCAN32], Arabian Nights, Colorless, Uncommon, 699.99
Bazaar of Baghdad [SGL-MTG-ARN-70-ENN3-SCAN33], Arabian Nights, Colorless, Uncommon, 699.99
Bazaar of Baghdad [SGL-MTG-ARN-70-ENN], Arabian Nights, Colorless, Uncommon, 1199.99
Bird Maiden [SGL-MTG-ARN-37-ENN], Arabian Nights, Red, Common, 2.99
Bird Maiden [SGL-MTG-ARN-37-ENN], Arabian Nights, Red, Common, 2.99
Bottle of Suleiman [SGL-MTG-ARN-58-ENN], Arabian Nights, Colorless, Rare, 19.99
Brass Man [SGL-MTG-ARN-59-ENN], Arabian Nights, Colorless, Uncommon, 12.99
Camel [SGL-MTG-ARN-3-ENN], Arabian Nights, White, Common, 1.99
City in a Bottle [SGL-MTG-ARN-60-ENN], Arabian Nights, Colorless, Rare, 299.99
City of Brass [SGL-MTG-ARN-71-ENN], Arabian Nights, Colorless, Uncommon, 349.99
Cuombajj Witches [SGL-MTG-ARN-23-ENN], Arabian Nights, Black, Common, 5.99
Cyclone [SGL-MTG-ARN-45-ENN], Arabian Nights, Green, Uncommon, 9.99
Dancing Scimitar [SGL-MTG-ARN-61-ENN], Arabian Nights, Colorless, Rare, 24.99
Dandan [SGL-MTG-ARN-12-ENN], Arabian Nights, Blue, Common, 2.99
Desert [SGL-MTG-ARN-72-ENN], Arabian Nights, Colorless, Common, 3.99
Desert Nomads [SGL-MTG-ARN-38-ENN], Arabian Nights, Red, Common, 2.99
Desert Twister [SGL-MTG-ARN-46-ENN], Arabian Nights, Green, Uncommon, 14.99
Diamond Valley [SGL-MTG-ARN-73-ENN], Arabian Nights, Colorless, Uncommon, 299.99
Drop of Honey [SGL-MTG-ARN-47-ENN-SCAN10], Arabian Nights, Green, Rare, 499.99
Drop of Honey [SGL-MTG-ARN-47-ENN-SCAN12], Arabian Nights, Green, Rare, 499.99
Drop of Honey [SGL-MTG-ARN-47-ENN], Arabian Nights, Green, Rare, 499.99
Ebony Horse [SGL-MTG-ARN-62-ENN], Arabian Nights, Colorless, Rare, 9.99
El-Hajjaj [SGL-MTG-ARN-24-ENN], Arabian Nights, Black, Rare, 24.99
Elephant Graveyard [SGL-MTG-ARN-74-ENN], Arabian Nights, Colorless, Rare, 119.99
Erg Raiders [SGL-MTG-ARN-25-ENN], Arabian Nights, Black, Common, 3.99
Erg Raiders [SGL-MTG-ARN-25-ENN], Arabian Nights, Black, Common, 3.99
Erhnam Djinn [SGL-MTG-ARN-48-ENN], Arabian Nights, Green, Rare, 199.99
Eye for an Eye [SGL-MTG-ARN-4-ENN], Arabian Nights, White, Uncommon, 9.99
Fishliver Oil [SGL-MTG-ARN-13-ENN], Arabian Nights, Blue, Common, 2.99
Fishliver Oil [SGL-MTG-ARN-13-ENN], Arabian Nights, Blue, Common, 3.99
Flying Carpet [SGL-MTG-ARN-63-ENN], Arabian Nights, Colorless, Uncommon, 9.99
Flying Men [SGL-MTG-ARN-14-ENN], Arabian Nights, Blue, Common, 8.99
Ghazban Ogre [SGL-MTG-ARN-49-ENN], Arabian Nights, Green, Common, 2.99
Giant Tortoise [SGL-MTG-ARN-15-ENN], Arabian Nights, Blue, Common, 2.99
Giant Tortoise [SGL-MTG-ARN-15-ENN], Arabian Nights, Blue, Common, 4.99
Guardian Beast [SGL-MTG-ARN-26-ENN], Arabian Nights, Black, Rare, 349.99
Hasran Ogress [SGL-MTG-ARN-27-ENN], Arabian Nights, Black, Common, 2.99
Hasran Ogress [SGL-MTG-ARN-27-ENN], Arabian Nights, Black, Common, 2.99
Hurr Jackal [SGL-MTG-ARN-39-ENN], Arabian Nights, Red, Common, 1.99
Ifh-Biff Efreet [SGL-MTG-ARN-50-ENN], Arabian Nights, Green, Rare, 99.99
Island Fish Jasconius [SGL-MTG-ARN-16-ENN], Arabian Nights, Blue, Rare, 17.99
Island of Wak-Wak [SGL-MTG-ARN-75-ENN], Arabian Nights, Colorless, Rare, 119.99
Jandor's Ring [SGL-MTG-ARN-64-ENN], Arabian Nights, Colorless, Rare, 17.99
Jandor's Saddlebags [SGL-MTG-ARN-65-ENN], Arabian Nights, Colorless, Rare, 19.99
Jeweled Bird [SGL-MTG-ARN-66-ENN], Arabian Nights, Colorless, Uncommon, 11.99
Jihad [SGL-MTG-ARN-5-ENN], Arabian Nights, White, Rare, 149.99
Junun Efreet [SGL-MTG-ARN-28-ENN], Arabian Nights, Black, Rare, 29.99
Juzam Djinn [SGL-MTG-ARN-29-ENN-SCAN10], Arabian Nights, Black, Rare, 12008.99
Juzam Djinn [SGL-MTG-ARN-29-ENN-SCAN20], Arabian Nights, Black, Rare, 899.99
Juzam Djinn [SGL-MTG-ARN-29-ENN-SCAN21], Arabian Nights, Black, Rare, 899.99
Juzam Djinn [SGL-MTG-ARN-29-ENN-SCAN22], Arabian Nights, Black, Rare, 899.99
Juzam Djinn [SGL-MTG-ARN-29-ENN-SCAN25], Arabian Nights, Black, Rare, 999.99
Juzam Djinn [SGL-MTG-ARN-29-ENN-SCAN26], Arabian Nights, Black, Rare, 899.99
Juzam Djinn [SGL-MTG-ARN-29-ENN], Arabian Nights, Black, Rare, 1199.99
Khabal Ghoul [SGL-MTG-ARN-30-ENN], Arabian Nights, Black, Uncommon, 69.99
King Suleiman [SGL-MTG-ARN-6-ENN], Arabian Nights, White, Rare, 99.99
Kird Ape [SGL-MTG-ARN-40-ENN], Arabian Nights, Red, Common, 9.99
Library of Alexandria [SGL-MTG-ARN-76-ENN-SCAN21], Arabian Nights, Colorless, Uncommon, 899.99
Library of Alexandria [SGL-MTG-ARN-76-ENN-SCAN23], Arabian Nights, Colorless, Uncommon, 899.99
Library of Alexandria [SGL-MTG-ARN-76-ENN3-SCAN30], Arabian Nights, Colorless, Uncommon, 799.99
Library of Alexandria [SGL-MTG-ARN-76-ENN], Arabian Nights, Colorless, Uncommon, 1199.99
Magnetic Mountain [SGL-MTG-ARN-41-ENN], Arabian Nights, Red, Uncommon, 8.99
Merchant Ship [SGL-MTG-ARN-17-ENN], Arabian Nights, Blue, Uncommon, 12.99
Metamorphosis [SGL-MTG-ARN-51-ENN], Arabian Nights, Green, Common, 3.99
Mijae Djinn [SGL-MTG-ARN-42-ENN], Arabian Nights, Red, Rare, 29.99
Moorish Cavalry [SGL-MTG-ARN-7-ENN], Arabian Nights, White, Common, 2.99
Moorish Cavalry [SGL-MTG-ARN-7-ENN], Arabian Nights, White, Common, 3.99
Mountain [SGL-MTG-ARN-77-ENN], Arabian Nights, Colorless, Basic Land, 119.99
Nafs Asp [SGL-MTG-ARN-52-ENN], Arabian Nights, Green, Common, 2.99
Nafs Asp [SGL-MTG-ARN-52-ENN], Arabian Nights, Green, Common, 2.99
Oasis [SGL-MTG-ARN-78-ENN], Arabian Nights, Colorless, Uncommon, 11.99
Old Man of the Sea [SGL-MTG-ARN-18-ENN], Arabian Nights, Blue, Rare, 119.99
Oubliette [SGL-MTG-ARN-31-ENN], Arabian Nights, Black, Common, 29.99
Oubliette [SGL-MTG-ARN-31-ENN], Arabian Nights, Black, Common, 29.99
Piety [SGL-MTG-ARN-8-ENN], Arabian Nights, White, Common, 2.99
Piety [SGL-MTG-ARN-8-ENN], Arabian Nights, White, Common, 3.99
Pyramids [SGL-MTG-ARN-67-ENN], Arabian Nights, Colorless, Rare, 99.99
Repentant Blacksmith [SGL-MTG-ARN-9-ENN], Arabian Nights, White, Rare, 19.99
Ring of Ma'ruf [SGL-MTG-ARN-68-ENN], Arabian Nights, Colorless, Rare, 69.99
Rukh Egg [SGL-MTG-ARN-43-ENN], Arabian Nights, Red, Common, 10.99
Rukh Egg [SGL-MTG-ARN-43-ENN], Arabian Nights, Red, Common, 10.99
Sandals of Abdallah [SGL-MTG-ARN-69-ENN], Arabian Nights, Colorless, Uncommon, 19.99
Sandstorm [SGL-MTG-ARN-53-ENN], Arabian Nights, Green, Common, 1.99
Serendib Djinn [SGL-MTG-ARN-19-ENN], Arabian Nights, Blue, Rare, 99.99
Serendib Efreet [SGL-MTG-ARN-20-ENN], Arabian Nights, Blue, Rare, 399.99
Shahrazad [SGL-MTG-ARN-10-ENN], Arabian Nights, White, Rare, 249.99
Sindbad [SGL-MTG-ARN-21-ENN], Arabian Nights, Blue, Uncommon, 19.99
Singing Tree [SGL-MTG-ARN-54-ENN], Arabian Nights, Green, Rare, 69.99
Sorceress Queen [SGL-MTG-ARN-32-ENN], Arabian Nights, Black, Uncommon, 34.99
Stone-Throwing Devils [SGL-MTG-ARN-33-ENN], Arabian Nights, Black, Common, 9.99
Stone-Throwing Devils [SGL-MTG-ARN-33-ENN], Arabian Nights, Black, Common, 15.99
Unstable Mutation [SGL-MTG-ARN-22-ENN], Arabian Nights, Blue, Common, 2.99
War Elephant [SGL-MTG-ARN-11-ENN], Arabian Nights, White, Common, 2.99
War Elephant [SGL-MTG-ARN-11-ENN], Arabian Nights, White, Common, 4.99
Wyluli Wolf [SGL-MTG-ARN-55-ENN], Arabian Nights, Green, Common, 2.99
Wyluli Wolf [SGL-MTG-ARN-55-ENN], Arabian Nights, Green, Common, 6.99
Ydwen Efreet [SGL-MTG-ARN-44-ENN], Arabian Nights, Red, Rare, 69.99
